INSERT INTO public.markers (id, "order", lat, lng, description)
VALUES (10001, 1, 56.008877, 92.869999, NULL);
INSERT INTO public.markers (id, "order", lat, lng, description)
VALUES (10002, 2, 56.008965, 92.871393, NULL);
INSERT INTO public.markers (id, "order", lat, lng, description)
VALUES (10003, 3, 56.008903, 92.871577, NULL);
INSERT INTO public.markers (id, "order", lat, lng, description)
VALUES (10004, 4, 55.987161, 92.886693, NULL);
INSERT INTO public.markers (id, "order", lat, lng, description)
VALUES (10005, 5, 55.982451, 92.896985, NULL);
INSERT INTO public.markers (id, "order", lat, lng, description)
VALUES (10006, 6, 55.991701, 92.936857, NULL);
INSERT INTO public.markers (id, "order", lat, lng, description)
VALUES (10007, 7, 55.992414, 92.938825, NULL);
INSERT INTO public.markers (id, "order", lat, lng, description)
VALUES (10008, 8, 55.992873, 92.939723, NULL);
INSERT INTO public.markers (id, "order", lat, lng, description)
VALUES (10009, 9, 55.993885, 92.940075, NULL);
INSERT INTO public.markers (id, "order", lat, lng, description)
VALUES (10010, 10, 55.993871, 92.941473, NULL);
INSERT INTO public.markers (id, "order", lat, lng, description)
VALUES (10011, 11, 55.995545, 92.948726, NULL);
INSERT INTO public.markers (id, "order", lat, lng, description)
VALUES (10012, 12, 55.996574, 92.948004, NULL);
INSERT INTO public.markers (id, "order", lat, lng, description)
VALUES (10013, 13, 55.997015, 92.949237, NULL);
INSERT INTO public.markers (id, "order", lat, lng, description)
VALUES (10014, 14, 55.997644, 92.949424, NULL);
INSERT INTO public.markers (id, "order", lat, lng, description)
VALUES (10015, 15, 55.997952, 92.948505, NULL);
INSERT INTO public.markers (id, "order", lat, lng, description)
VALUES (10016, 16, 55.998553, 92.948017, NULL);
INSERT INTO public.markers (id, "order", lat, lng, description)
VALUES (10017, 17, 55.998731, 92.948814, NULL);
INSERT INTO public.markers (id, "order", lat, lng, description)
VALUES (10018, 18, 55.999057, 92.950164, NULL);
INSERT INTO public.markers (id, "order", lat, lng, description)
VALUES (10019, 19, 55.999237, 92.950902, NULL);
INSERT INTO public.markers (id, "order", lat, lng, description)
VALUES (10020, 20, 55.999446, 92.951808, NULL);
INSERT INTO public.markers (id, "order", lat, lng, description)
VALUES (10021, 21, 56.001197, 92.950822, NULL);
INSERT INTO public.markers (id, "order", lat, lng, description)
VALUES (10022, 22, 56.000609, 92.951695, NULL);
INSERT INTO public.markers (id, "order", lat, lng, description)
VALUES (10023, 23, 56.001168, 92.951751, NULL);
INSERT INTO public.markers (id, "order", lat, lng, description)
VALUES (10024, 24, 56.001367, 92.95119, NULL);
INSERT INTO public.markers (id, "order", lat, lng, description)
VALUES (10025, 25, 56.002193, 92.950587, NULL);
INSERT INTO public.markers (id, "order", lat, lng, description)
VALUES (10026, 26, 56.002818, 92.95092, NULL);
INSERT INTO public.markers (id, "order", lat, lng, description)
VALUES (10027, 27, 56.002969, 92.950434, NULL);
INSERT INTO public.markers (id, "order", lat, lng, description)
VALUES (10028, 28, 56.003771, 92.950023, NULL);
INSERT INTO public.markers (id, "order", lat, lng, description)
VALUES (10029, 29, 56.004422, 92.952296, NULL);
INSERT INTO public.markers (id, "order", lat, lng, description)
VALUES (10030, 30, 56.005797, 92.954136, NULL);
INSERT INTO public.markers (id, "order", lat, lng, description)
VALUES (10031, 31, 56.006112, 92.955155, NULL);
INSERT INTO public.markers (id, "order", lat, lng, description)
VALUES (10032, 32, 56.007048, 92.958223, NULL);
INSERT INTO public.markers (id, "order", lat, lng, description)
VALUES (10033, 33, 56.00714, 92.958497, NULL);
INSERT INTO public.markers (id, "order", lat, lng, description)
VALUES (10034, 34, 56.00824, 92.957849, NULL);
INSERT INTO public.markers (id, "order", lat, lng, description)
VALUES (10035, 35, 56.008685, 92.95806, NULL);
INSERT INTO public.markers (id, "order", lat, lng, description)
VALUES (10036, 36, 56.008768, 92.957291, NULL);
INSERT INTO public.markers (id, "order", lat, lng, description)
VALUES (10037, 37, 56.00912, 92.957862, NULL);
INSERT INTO public.markers (id, "order", lat, lng, description)
VALUES (10038, 38, 56.009048, 92.956396, NULL);
INSERT INTO public.markers (id, "order", lat, lng, description)
VALUES (1, 1, 56.0157339012088, 92.88965926957935, NULL);
INSERT INTO public.markers (id, "order", lat, lng, description)
VALUES (2, 1, 56.00933793965068, 92.86844819802545, NULL);
INSERT INTO public.markers (id, "order", lat, lng, description)
VALUES (3, 1, 55.99604999123847, 92.87528276902538, NULL);
INSERT INTO public.markers (id, "order", lat, lng, description)
VALUES (4, 1, 24.462526959307663, 54.31813089659649, NULL);
INSERT INTO public.markers (id, "order", lat, lng, description)
VALUES (5, 1, 48.76742885842599, 8.232292563447135, NULL);
INSERT INTO public.markers (id, "order", lat, lng, description)
VALUES (6, 1, 40.364148, 49.831566, NULL);
INSERT INTO public.markers (id, "order", lat, lng, description)
VALUES (7, 1, 42.343085137953345, -71.08562815812753, NULL);
INSERT INTO public.markers (id, "order", lat, lng, description)
VALUES (8, 1, 48.14156690200553, 17.107154269660498, NULL);
INSERT INTO public.markers (id, "order", lat, lng, description)
VALUES (9, 1, 50.8497889, 4.35412305554214, NULL);
INSERT INTO public.markers (id, "order", lat, lng, description)
VALUES (10, 1, 48.205234863786075, 16.37506105288166, NULL);
INSERT INTO public.markers (id, "order", lat, lng, description)
VALUES (11, 1, 48.203274, 16.3692, NULL);
INSERT INTO public.markers (id, "order", lat, lng, description)
VALUES (12, 1, 45.4338032124283, 12.33379008457037, NULL);
INSERT INTO public.markers (id, "order", lat, lng, description)
VALUES (13, 1, 50.08492609480544, 8.247568283892361, NULL);
INSERT INTO public.markers (id, "order", lat, lng, description)
VALUES (14, 1, 48.42890131898301, 15.746343583991449, NULL);
INSERT INTO public.markers (id, "order", lat, lng, description)
VALUES (15, 1, 19.435184, -99.141011, NULL);
INSERT INTO public.markers (id, "order", lat, lng, description)
VALUES (16, 1, 48.00604, 37.802729, NULL);
INSERT INTO public.markers (id, "order", lat, lng, description)
VALUES (17, 1, 51.23224107644473, 6.772573853261218, NULL);
INSERT INTO public.markers (id, "order", lat, lng, description)
VALUES (18, 1, 56.838878, 60.616698, NULL);
INSERT INTO public.markers (id, "order", lat, lng, description)
VALUES (19, 1, 56.84288547292422, 60.61068381139886, NULL);
INSERT INTO public.markers (id, "order", lat, lng, description)
VALUES (20, 1, 46.201803333715, 6.142699350516542, NULL);
INSERT INTO public.markers (id, "order", lat, lng, description)
VALUES (21, 1, 47.798942, 13.041481, NULL);
INSERT INTO public.markers (id, "order", lat, lng, description)
VALUES (22, 1, 47.802852, 13.042685, NULL);
INSERT INTO public.markers (id, "order", lat, lng, description)
VALUES (23, 1, 56.112565, 94.589496, NULL);
INSERT INTO public.markers (id, "order", lat, lng, description)
VALUES (25, 1, 35.446207055258725, 139.64711456335115, NULL);
INSERT INTO public.markers (id, "order", lat, lng, description)
VALUES (26, 1, 55.795296996896234, 49.12480349482717, NULL);
INSERT INTO public.markers (id, "order", lat, lng, description)
VALUES (28, 1, 46.00357878601629, -73.41328552526575, NULL);
INSERT INTO public.markers (id, "order", lat, lng, description)
VALUES (29, 1, 54.323423509513844, 10.133525005198404, NULL);
INSERT INTO public.markers (id, "order", lat, lng, description)
VALUES (30, 1, 43.27575, 11.985083, NULL);
INSERT INTO public.markers (id, "order", lat, lng, description)
VALUES (33, 1, 51.51674150790569, 0.14810401488926622, NULL);
INSERT INTO public.markers (id, "order", lat, lng, description)
VALUES (36, 1, 51.51002255972958, 0.12659202894490407, NULL);
INSERT INTO public.markers (id, "order", lat, lng, description)
VALUES (37, 1, 51.51008205962883, 0.1925136302347526, NULL);
INSERT INTO public.markers (id, "order", lat, lng, description)
VALUES (38, 1, 51.52039194496055, 0.09381510748552403, NULL);
INSERT INTO public.markers (id, "order", lat, lng, description)
VALUES (39, 1, 34.05646346939817, -118.24875978053056, NULL);
INSERT INTO public.markers (id, "order", lat, lng, description)
VALUES (40, 1, 61.690607905831655, 27.26902272916652, NULL);
INSERT INTO public.markers (id, "order", lat, lng, description)
VALUES (41, 1, 45.467805, 9.189379, NULL);
INSERT INTO public.markers (id, "order", lat, lng, description)
VALUES (44, 1, 45.51369735818995, -73.56574769998518, NULL);
INSERT INTO public.markers (id, "order", lat, lng, description)
VALUES (45, 1, 55.758902, 37.616459, NULL);
INSERT INTO public.markers (id, "order", lat, lng, description)
VALUES (46, 1, 55.756452, 37.605056, NULL);
INSERT INTO public.markers (id, "order", lat, lng, description)
VALUES (47, 1, 55.7690901634164, 37.59618755367183, NULL);
INSERT INTO public.markers (id, "order", lat, lng, description)
VALUES (48, 1, 55.757009, 37.600846, NULL);
INSERT INTO public.markers (id, "order", lat, lng, description)
VALUES (49, 1, 55.75406914587326, 37.62087009969637, NULL);
INSERT INTO public.markers (id, "order", lat, lng, description)
VALUES (50, 1, 55.764521, 37.610395, NULL);
INSERT INTO public.markers (id, "order", lat, lng, description)
VALUES (51, 1, 48.13968192975285, 11.605768654964072, NULL);
INSERT INTO public.markers (id, "order", lat, lng, description)
VALUES (52, 1, 35.17104538326331, 136.91125354024928, NULL);
INSERT INTO public.markers (id, "order", lat, lng, description)
VALUES (53, 1, 34.743835227942085, 135.35592079744924, NULL);
INSERT INTO public.markers (id, "order", lat, lng, description)
VALUES (54, 1, 43.695415, 7.272535, NULL);
INSERT INTO public.markers (id, "order", lat, lng, description)
VALUES (55, 1, 43.69478549758121, 7.258329697742709, NULL);
INSERT INTO public.markers (id, "order", lat, lng, description)
VALUES (56, 1, 55.021393583536806, 82.92505954210847, NULL);
INSERT INTO public.markers (id, "order", lat, lng, description)
VALUES (57, 1, 33.143948662148574, -96.83503294748863, NULL);
INSERT INTO public.markers (id, "order", lat, lng, description)
VALUES (58, 1, 40.76619686201722, -73.98000777034726, NULL);
INSERT INTO public.markers (id, "order", lat, lng, description)
VALUES (59, 1, 40.77302445401986, -73.98466994968143, NULL);
INSERT INTO public.markers (id, "order", lat, lng, description)
VALUES (60, 1, 40.784593017474755, -73.95696848005177, NULL);
INSERT INTO public.markers (id, "order", lat, lng, description)
VALUES (61, 1, 41.114974341751164, 20.79367752870898, NULL);
INSERT INTO public.markers (id, "order", lat, lng, description)
VALUES (62, 1, 48.85791906734118, 2.346235296087598, NULL);
INSERT INTO public.markers (id, "order", lat, lng, description)
VALUES (63, 1, 58.015748, 56.244026, NULL);
INSERT INTO public.markers (id, "order", lat, lng, description)
VALUES (65, 1, 41.89899163684819, 12.456432184466276, NULL);
INSERT INTO public.markers (id, "order", lat, lng, description)
VALUES (66, 1, 61.86401953226136, 28.901079927325796, NULL);
INSERT INTO public.markers (id, "order", lat, lng, description)
VALUES (67, 1, 59.925426, 30.295966, NULL);
INSERT INTO public.markers (id, "order", lat, lng, description)
VALUES (68, 1, 59.93570557671309, 30.36563318457712, NULL);
INSERT INTO public.markers (id, "order", lat, lng, description)
VALUES (69, 1, 59.9216217, 30.465579317, NULL);
INSERT INTO public.markers (id, "order", lat, lng, description)
VALUES (70, 1, 59.9502220935769, 30.3161691000059, NULL);
INSERT INTO public.markers (id, "order", lat, lng, description)
VALUES (72, 1, 59.93651040331334, 30.34526082086146, NULL);
INSERT INTO public.markers (id, "order", lat, lng, description)
VALUES (73, 1, 59.93903871943091, 30.315008955741753, NULL);
INSERT INTO public.markers (id, "order", lat, lng, description)
VALUES (74, 1, 59.93479738179615, 30.34285236923528, NULL);
INSERT INTO public.markers (id, "order", lat, lng, description)
VALUES (75, 1, 37.5727464699426, 126.97565362637147, NULL);
INSERT INTO public.markers (id, "order", lat, lng, description)
VALUES (76, 1, 43.401846880586405, 39.95714984143551, NULL);
INSERT INTO public.markers (id, "order", lat, lng, description)
VALUES (77, 1, 48.58628173772148, 7.7599746899782716, NULL);
INSERT INTO public.markers (id, "order", lat, lng, description)
VALUES (78, 1, 41.70822673572228, 44.785673310844984, NULL);
INSERT INTO public.markers (id, "order", lat, lng, description)
VALUES (79, 1, 35.7202163854969, 139.77686367809326, NULL);
INSERT INTO public.markers (id, "order", lat, lng, description)
VALUES (80, 1, 43.657404040332, -79.38362306740429, NULL);
INSERT INTO public.markers (id, "order", lat, lng, description)
VALUES (81, 1, 63.426899725804915, 10.395359903500921, NULL);
INSERT INTO public.markers (id, "order", lat, lng, description)
VALUES (82, 1, 43.604048, 1.444663, NULL);
INSERT INTO public.markers (id, "order", lat, lng, description)
VALUES (83, 1, 57.15626153795925, 65.53357426908627, NULL);
INSERT INTO public.markers (id, "order", lat, lng, description)
VALUES (84, 1, 54.72255398248194, 55.944997595302446, NULL);
INSERT INTO public.markers (id, "order", lat, lng, description)
VALUES (86, 1, 47.365168415637925, 8.546291469043075, NULL);
INSERT INTO public.markers (id, "order", lat, lng, description)
VALUES (87, 1, 41.88249153513531, -87.63735478659909, NULL);
INSERT INTO public.markers (id, "order", lat, lng, description)
VALUES (89, 1, 57.627132, 39.884776, NULL);
INSERT INTO public.markers (id, "order", lat, lng, description)
VALUES (90, 1, 40.772727, -73.983234, NULL);
INSERT INTO public.markers (id, "order", lat, lng, description)
VALUES (91, 1, -34.60108078045531, -58.38303568774786, NULL);
INSERT INTO public.markers (id, "order", lat, lng, description)
VALUES (92, 1, 40.19064086525238, 44.509282286379865, NULL);
INSERT INTO public.markers (id, "order", lat, lng, description)
VALUES (93, 1, 23.614178085020605, 58.46854458401276, NULL);
INSERT INTO public.markers (id, "order", lat, lng, description)
VALUES (94, 1, 45.80120750841718, 15.979918028503839, NULL);
INSERT INTO public.markers (id, "order", lat, lng, description)
VALUES (95, 1, -22.91054873606011, -43.17523026213958, NULL);
INSERT INTO public.markers (id, "order", lat, lng, description)
VALUES (96, 1, 55.740537609290215, 37.597659930379166, NULL);
INSERT INTO public.markers (id, "order", lat, lng, description)
VALUES (97, 1, 32.076505674510216, 34.784872398145794, NULL);
INSERT INTO public.markers (id, "order", lat, lng, description)
VALUES (98, 1, 40.76484287693149, -73.97448371770157, NULL);
INSERT INTO public.markers (id, "order", lat, lng, description)
VALUES (64, 1, 64.14027139993583, -21.95459694817302, NULL);
INSERT INTO public.markers (id, "order", lat, lng, description)
VALUES (71, 1, 59.853087045547795, 30.06766838046073, NULL);
INSERT INTO public.markers (id, "order", lat, lng, description)
VALUES (88, 1, 53.395154536020875, -2.989475985732733, NULL);
INSERT INTO public.markers (id, "order", lat, lng, description)
VALUES (85, 1, 29.764750930195593, 35.215352, NULL);
INSERT INTO public.markers (id, "order", lat, lng, description)
VALUES (32, 1, 51.49678612509329, -0.1721370860535723, NULL);
INSERT INTO public.markers (id, "order", lat, lng, description)
VALUES (99, 1, 56.01250718714844, 92.89463419988842, NULL);
INSERT INTO public.markers (id, "order", lat, lng, description)
VALUES (100, 1, 55.771585, 37.609092, NULL);
INSERT INTO public.markers (id, "order", lat, lng, description)
VALUES (101, 1, 56.008564604496065, 92.86863350870476, NULL);
INSERT INTO public.markers (id, "order", lat, lng, description)
VALUES (31, 1, 53.39940321062037, -2.9916228055721543, NULL);
INSERT INTO public.markers (id, "order", lat, lng, description)
VALUES (42, 1, 53.91478336658425, 27.584462398622215, NULL);
INSERT INTO public.markers (id, "order", lat, lng, description)
VALUES (35, 1, 51.50094765527127, -0.17736338994776074, NULL);
INSERT INTO public.markers (id, "order", lat, lng, description)
VALUES (27, 1, 51.479103, -3.1766015306366846, NULL);
INSERT INTO public.markers (id, "order", lat, lng, description)
VALUES (24, 1, 29.764750930195593, -95.36570270353478, NULL);
INSERT INTO public.markers (id, "order", lat, lng, description)
VALUES (34, 1, 51.513081326481824, -0.12200448234466259, NULL);
INSERT INTO public.markers (id, "order", lat, lng, description)
VALUES (116, 1, 45.51740577584437, 9.216829109076896, NULL);

INSERT INTO public.spectacles (id, static_id, name, subject, country, city, place, address, description, year,
                               marker_id)
VALUES (10016, NULL, 'Никогда я домой не вернусь
', 'Никогда я домой не вернусь
', 'Россия', 'Красноярск', NULL, '-', '-', '-', 10016);
INSERT INTO public.spectacles (id, static_id, name, subject, country, city, place, address, description, year,
                               marker_id)
VALUES (10017, NULL, 'Эйфелева башня
', 'Эйфелева башня
', 'Россия', 'Красноярск', NULL, '-', '-', '-', 10017);
INSERT INTO public.spectacles (id, static_id, name, subject, country, city, place, address, description, year,
                               marker_id)
VALUES (10018, NULL, 'Аэрокосмический колледж
', 'Аэрокосмический колледж
', 'Россия', 'Красноярск', NULL, '-', '-', '-', 10018);
INSERT INTO public.spectacles (id, static_id, name, subject, country, city, place, address, description, year,
                               marker_id)
VALUES (10019, NULL, 'Ночи безумные [AR]
', 'Ночи безумные [AR]
', 'Россия', 'Красноярск', NULL, '-', '-', '-', 10019);
INSERT INTO public.spectacles (id, static_id, name, subject, country, city, place, address, description, year,
                               marker_id)
VALUES (31, NULL, 'Свердловский государственный академический театр оперы и балета',
        'XX Всероссийский смотр вокалистов', 'Россия', 'Свердловск', NULL, 'просп. Ленина, 46А,',
        'В апреле 1987 года Хворостовский участвует в XX Всероссийском смотре вокалистов. Это конкурс выпускников музыкальных вузов, куда его везет педагог по вокалу Екатерина Иофель. На заключительном концерте Хворостовский исполняет арию Елецкого из оперы Петра Ильича Чайковского «Пиковая дама». Хворостовского замечают и приглашают участвовать в спектакле Кировского театра. Той же весной в СССР с официальным визитом приезжает Маргарет Тэтчер, премьер-министр Великобритании. И остается довольна: «Это был самый великолепный и мобилизующий из всех зарубежных визитов».',
        '17.04.1987', 18);
INSERT INTO public.spectacles (id, static_id, name, subject, country, city, place, address, description, year,
                               marker_id)
VALUES (10020, NULL, 'Идеальные люди
', 'Идеальные люди
', 'Россия', 'Красноярск', NULL, '-', '-', '-', 10020);
INSERT INTO public.spectacles (id, static_id, name, subject, country, city, place, address, description, year,
                               marker_id)
VALUES (10021, NULL, 'Профессор Май
', 'Профессор Май
', 'Россия', 'Красноярск', NULL, '-', '-', '-', 10021);
INSERT INTO public.spectacles (id, static_id, name, subject, country, city, place, address, description, year,
                               marker_id)
VALUES (10022, NULL, 'Реалбаза
', 'Реалбаза
', 'Россия', 'Красноярск', NULL, '-', '-', '-', 10022);
INSERT INTO public.spectacles (id, static_id, name, subject, country, city, place, address, description, year,
                               marker_id)
VALUES (10001, NULL, 'Театр оперы и балета
', 'Театр оперы и балета
', 'Россия', 'Красноярск', NULL, '-', '-', '-', 10001);
INSERT INTO public.spectacles (id, static_id, name, subject, country, city, place, address, description, year,
                               marker_id)
VALUES (10002, NULL, 'Остановка
', 'Остановка
', 'Россия', 'Красноярск', NULL, '-', '-', '-', 10002);
INSERT INTO public.spectacles (id, static_id, name, subject, country, city, place, address, description, year,
                               marker_id)
VALUES (10003, NULL, 'Увертюра I
', 'Увертюра I
', 'Россия', 'Красноярск', NULL, '-', '-', '-', 10003);
INSERT INTO public.spectacles (id, static_id, name, subject, country, city, place, address, description, year,
                               marker_id)
VALUES (10004, NULL, 'Увертюра II
', 'Увертюра II
', 'Россия', 'Красноярск', NULL, '-', '-', '-', 10004);
INSERT INTO public.spectacles (id, static_id, name, subject, country, city, place, address, description, year,
                               marker_id)
VALUES (10005, NULL, 'Увертюра III
', 'Увертюра III
', 'Россия', 'Красноярск', NULL, '-', '-', '-', 10005);
INSERT INTO public.spectacles (id, static_id, name, subject, country, city, place, address, description, year,
                               marker_id)
VALUES (10006, NULL, 'Остановка «Улица Пионерской правды»
', 'Остановка «Улица Пионерской правды»
', 'Россия', 'Красноярск', NULL, '-', '-', '-', 10006);
INSERT INTO public.spectacles (id, static_id, name, subject, country, city, place, address, description, year,
                               marker_id)
VALUES (10007, NULL, 'Переход
', 'Переход
', 'Россия', 'Красноярск', NULL, '-', '-', '-', 10007);
INSERT INTO public.spectacles (id, static_id, name, subject, country, city, place, address, description, year,
                               marker_id)
VALUES (10008, NULL, 'Острожно: детство
', 'Острожно: детство
', 'Россия', 'Красноярск', NULL, '-', '-', '-', 10008);
INSERT INTO public.spectacles (id, static_id, name, subject, country, city, place, address, description, year,
                               marker_id)
VALUES (10009, NULL, 'У подъезда
', 'У подъезда
', 'Россия', 'Красноярск', NULL, '-', '-', '-', 10009);
INSERT INTO public.spectacles (id, static_id, name, subject, country, city, place, address, description, year,
                               marker_id)
VALUES (10010, NULL, 'Ухожу
', 'Ухожу
', 'Россия', 'Красноярск', NULL, '-', '-', '-', 10010);
INSERT INTO public.spectacles (id, static_id, name, subject, country, city, place, address, description, year,
                               marker_id)
VALUES (10011, NULL, 'Гаражи
', 'Гаражи
', 'Россия', 'Красноярск', NULL, '-', '-', '-', 10011);
INSERT INTO public.spectacles (id, static_id, name, subject, country, city, place, address, description, year,
                               marker_id)
VALUES (10012, NULL, 'Погреба
', 'Погреба
', 'Россия', 'Красноярск', NULL, '-', '-', '-', 10012);
INSERT INTO public.spectacles (id, static_id, name, subject, country, city, place, address, description, year,
                               marker_id)
VALUES (10013, NULL, 'Ярмарка Кировского района
', 'Ярмарка Кировского района
', 'Россия', 'Красноярск', NULL, '-', '-', '-', 10013);
INSERT INTO public.spectacles (id, static_id, name, subject, country, city, place, address, description, year,
                               marker_id)
VALUES (10014, NULL, 'Станция Злобино
', 'Станция Злобино
', 'Россия', 'Красноярск', NULL, '-', '-', '-', 10014);
INSERT INTO public.spectacles (id, static_id, name, subject, country, city, place, address, description, year,
                               marker_id)
VALUES (10015, NULL, 'Синие горы [AR]
', 'Синие горы [AR]
', 'Россия', 'Красноярск', NULL, '-', '-', '-', 10015);
INSERT INTO public.spectacles (id, static_id, name, subject, country, city, place, address, description, year,
                               marker_id)
VALUES (9, NULL, 'Красноярский государственный театр оперы и балета', 'Дебют в «Пиковой даме»', 'Россия', 'Красноярск',
        NULL, 'ул. Перенсона, 2, Красноярск, Красноярский край, 660049',
        'Ноябрь 1985 года. Microsoft выпускает первый Windows, а Гарри Каспаров становится самым молодым чемпионом мира по шахматам. На сцене Красноярского театра оперы и балеты студент 3-го курса Дмитрий Хворостовский дебютирует в роли князя Елецкого в «Пиковой даме» Петра Чайковского. До нее он пел партии второго плана, но всегда относился к этому с пониманием: «Должна же была быть какая-то субординация, я же был там самым молодым!»',
        '12.11.1985', 101);
INSERT INTO public.spectacles (id, static_id, name, subject, country, city, place, address, description, year,
                               marker_id)
VALUES (10023, NULL, 'Выйди или умри
', 'Выйди или умри
', 'Россия', 'Красноярск', NULL, '-', '-', '-', 10023);
INSERT INTO public.spectacles (id, static_id, name, subject, country, city, place, address, description, year,
                               marker_id)
VALUES (10024, NULL, 'Домой?
', 'Домой?
', 'Россия', 'Красноярск', NULL, '-', '-', '-', 10024);
INSERT INTO public.spectacles (id, static_id, name, subject, country, city, place, address, description, year,
                               marker_id)
VALUES (10025, NULL, 'Фонарь вечности
', 'Фонарь вечности
', 'Россия', 'Красноярск', NULL, '-', '-', '-', 10025);
INSERT INTO public.spectacles (id, static_id, name, subject, country, city, place, address, description, year,
                               marker_id)
VALUES (10026, NULL, 'Антракт
', 'Антракт
', 'Россия', 'Красноярск', NULL, '-', '-', '-', 10026);
INSERT INTO public.spectacles (id, static_id, name, subject, country, city, place, address, description, year,
                               marker_id)
VALUES (10027, NULL, 'Школа
', 'Школа
', 'Россия', 'Красноярск', NULL, '-', '-', '-', 10027);
INSERT INTO public.spectacles (id, static_id, name, subject, country, city, place, address, description, year,
                               marker_id)
VALUES (10028, NULL, 'Футбол
', 'Футбол
', 'Россия', 'Красноярск', NULL, '-', '-', '-', 10028);
INSERT INTO public.spectacles (id, static_id, name, subject, country, city, place, address, description, year,
                               marker_id)
VALUES (10029, NULL, 'Двор
', 'Двор
', 'Россия', 'Красноярск', NULL, '-', '-', '-', 10029);
INSERT INTO public.spectacles (id, static_id, name, subject, country, city, place, address, description, year,
                               marker_id)
VALUES (10030, NULL, 'Родина слышит
', 'Родина слышит
', 'Россия', 'Красноярск', NULL, '-', '-', '-', 10030);
INSERT INTO public.spectacles (id, static_id, name, subject, country, city, place, address, description, year,
                               marker_id)
VALUES (10031, NULL, 'Дрожь
', 'Дрожь
', 'Россия', 'Красноярск', NULL, '-', '-', '-', 10031);
INSERT INTO public.spectacles (id, static_id, name, subject, country, city, place, address, description, year,
                               marker_id)
VALUES (10032, NULL, 'Пятиэтажки
', 'Пятиэтажки
', 'Россия', 'Красноярск', NULL, '-', '-', '-', 10032);
INSERT INTO public.spectacles (id, static_id, name, subject, country, city, place, address, description, year,
                               marker_id)
VALUES (10033, NULL, 'Внутренняя музыка
', 'Внутренняя музыка
', 'Россия', 'Красноярск', NULL, '-', '-', '-', 10033);
INSERT INTO public.spectacles (id, static_id, name, subject, country, city, place, address, description, year,
                               marker_id)
VALUES (10034, NULL, 'Крещендо
', 'Крещендо
', 'Россия', 'Красноярск', NULL, '-', '-', '-', 10034);
INSERT INTO public.spectacles (id, static_id, name, subject, country, city, place, address, description, year,
                               marker_id)
VALUES (10035, NULL, 'Что было дальше
', 'Что было дальше
', 'Россия', 'Красноярск', NULL, '-', '-', '-', 10035);
INSERT INTO public.spectacles (id, static_id, name, subject, country, city, place, address, description, year,
                               marker_id)
VALUES (10036, NULL, 'Синтезатор Юность
', 'Синтезатор Юность
', 'Россия', 'Красноярск', NULL, '-', '-', '-', 10036);
INSERT INTO public.spectacles (id, static_id, name, subject, country, city, place, address, description, year,
                               marker_id)
VALUES (10037, NULL, 'Эй, ты
', 'Эй, ты
', 'Россия', 'Красноярск', NULL, '-', '-', '-', 10037);
INSERT INTO public.spectacles (id, static_id, name, subject, country, city, place, address, description, year,
                               marker_id)
VALUES (10038, NULL, 'Что это было', 'Что это было', 'Россия', 'Красноярск', NULL, '-', '-', '-', 10038);
INSERT INTO public.spectacles (id, static_id, name, subject, country, city, place, address, description, year,
                               marker_id)
VALUES (5, NULL, 'Красноярское педагогическое училище №1 им. М. Горького', 'Поступление в училище', 'Россия',
        'Красноярск', NULL, 'ул. Урицкого, 106, Красноярск, Красноярский край, 660017',
        'В 1979-м году Хворостовского принимают в красноярское педагогическое училище. На вступительных экзаменах он предстает не по годам серьезным: поет печальный романс «Утро туманное», чем изрядно веселит комиссию. От юношеского бунтарства спасают уроки с Галиной Астаниной – внимательным педагогом, чутким к его таланту. Она убеждает Дмитрия поверить в себя и свой голос, учит серьезно относиться к делу: «никому не давай трогать свой голос, не увлекайся диапазоном, занимайся дыханием, кантиленой, пением».',
        '01.06.1905', 2);
INSERT INTO public.spectacles (id, static_id, name, subject, country, city, place, address, description, year,
                               marker_id)
VALUES (26, NULL, 'Замок Графенег', 'Гала-концерт «Праздник летнего солнцестояния»', 'Австрия', 'Графенег', NULL,
        'Grafenegg 10, 3485 Grafenegg, Австрия',
        'В июне 2017-го года последний концерт Хворостовского проходит в Австрии, на сцене старинного замка. Он поет арии из опер Чайковского, Моцарта, Верди. Исполняет сложнейший репертуар точно и проникновенно, несмотря на болезнь и июньскую жару. Вместе с ним выступает молодая российская певица Аида Гарифуллина.',
        '22.06.2017', 14);
INSERT INTO public.spectacles (id, static_id, name, subject, country, city, place, address, description, year,
                               marker_id)
VALUES (21, NULL, 'Королевский оперный театр «Ла Монне/Де Мюнт»',
        'Дебют в опере Гаэтано Доницетти «Фаворитка» в партии короля Альфонсо XI', 'Бельгия', 'Брюссель', NULL,
        '(La Monnaie/De Munt). Pl. de la Monnaie, 1000 Bruxelles',
        'В ноябре 1991-го года Дмитрий Хворостовский приезжает в Брюссель, чтобы выступить в «колыбели» Бельгийской революции — Королевском оперном театре «Ла Монне/Де Мюнт». Он дебютирует в опере Гаэтано Доницетти «Фаворитка» в партии короля Альфонсо XI.',
        '1991, ноябрь', 9);
INSERT INTO public.spectacles (id, static_id, name, subject, country, city, place, address, description, year,
                               marker_id)
VALUES (19, NULL, 'Бостонская опера', 'Тэнглвудский фестиваль', 'США', 'Бостон', NULL,
        '301 Massachusetts Ave, Boston, MA 02115, United States',
        'В октябре 1991-го года Хворостовский находится в США. На днях губернатор Арканзаса Билл Клинтон выдвинул свою кандидатуру на пост президента страны. Публика в Бостонском Симфоническом зале обсуждает, есть ли у него шансы. Но когда гаснет свет, разговоры утихают. Под руководством японского дирижера Сэйдзи Одзава Хворостовский исполняет партию Елецкого в «Пиковой даме» Петра Чайковского.',
        '1991, октябрь', 7);
INSERT INTO public.spectacles (id, static_id, name, subject, country, city, place, address, description, year,
                               marker_id)
VALUES (23, NULL, 'Венская государственная опера', 'Дебют в легендарном театре Австрии', 'Австрия', 'Вена', NULL,
        'Opernring 2, 1010 Wien, Австрия',
        'В 1994 году Хворостовский дебютирует в легендарном австрийском театре в опере Винченцо Беллини «Пуритане». В течение следующих 22-х лет он выступит на этой сцене ещё 73 раза, и Венская опера займет третье место по частоте его выступлений. В 2016 году Хворостовский выступит здесь в последний раз в опере Джузеппе Верди «Травиата». В день кончины певца 22 ноября 2017 года на здании Венской оперы вывесят черный траурный флаг.',
        '1994, май', 11);
INSERT INTO public.spectacles (id, static_id, name, subject, country, city, place, address, description, year,
                               marker_id)
VALUES (27, NULL, 'Национальный театр в Мексике', 'Выступление в Мексике', 'Мексика', 'Мехико', NULL,
        'De Sopena 10, Centro, 36000 Guanajuato, Gto., Мексика',
        'В марте 1998 года Хворостовский готовится к своему выступлению на сцене Национального театра в Мексике, когда внезапно узнает о том, что его партнерша — сопрано Априле Милло — отменила свое выступление по личным причинам (заболела ее мать). Ей срочно находят замену в лице опытной американки Джун Андерсон, выступавшей с Паваротти. В итоге концерт проходит превосходно.',
        '26.03.1998', 15);
INSERT INTO public.spectacles (id, static_id, name, subject, country, city, place, address, description, year,
                               marker_id)
VALUES (29, NULL, 'Концертный зал Донецкой областной филармонии им. С.С. Прокофьева', 'Сольный концерт в Донецке', NULL,
        'Донецк', NULL, 'ул. Постышева, д.117, Донецк',
        'В ноябре 1989 года Дмитрий Хворостовский выступает с сольной программой в Донецке. В начале того же месяца в ГДР начинается снос Берлинской стены, а в Чехословакии – «Бархатная революция». Распад Советского Союза набирает обороты.',
        '27.11.1989', 16);
INSERT INTO public.spectacles (id, static_id, name, subject, country, city, place, address, description, year,
                               marker_id)
VALUES (44, NULL, 'Причал Кингс-Док', 'Концерт «Фанфары нового мира»', 'Великобритания', 'Ливерпуль', NULL,
        'Britannia Vaults, Royal Albert Dock, Liverpool L3 4AD, Великобритания',
        'В 1992 году Хворостовского приглашают в Ливерпуль для участия в концерте «Фанфары нового мира». Событие приурочено к 500-летию открытия Америки и проходит в порту – это финальная точка масштабной праздничной регаты. В честь парусников, преодолевших океан, поют звезды мирового уровня, награды вручает король Испании. Хворостовский исполняет каватину Фигаро и «Очи черные».',
        '1992', 31);
INSERT INTO public.spectacles (id, static_id, name, subject, country, city, place, address, description, year,
                               marker_id)
VALUES (36, NULL, 'Зеленогорский городской дворец культуры', 'Заглавная партия в опере «Евгений Онегин»', 'Россия',
        'Зеленогорск', NULL, 'ул. Бортникова, 1, Зеленогорск, Россия',
        'На гастролях Красноярского государственного театра оперы и балета в Зеленогорске в апреле 1988 года Хворостовский поет заглавную партию в опере «Евгений Онегин» Петра Ильича Чайковского. В то время «город атомщиков» называется Красноярск-45 и закрыт для посещения.',
        '12.04.1988', 23);
INSERT INTO public.spectacles (id, static_id, name, subject, country, city, place, address, description, year,
                               marker_id)
VALUES (30, NULL, 'Тонхалле', '«Арт Ассамблеи. Дни российской культуры»', 'Германия', 'Дюссельдорф', NULL,
        'Ehrenhof 1, 40479 Düsseldorf, Германия',
        'В феврале 2014-го года Хворостовский концертирует в Германии с эстонским пианистом Ильей Ивари. Концерты в рамках проекта Арт-ассамблеи "Дни российской культуры" в преддверии международного культурно-делового форума «Дни России в Европе». В программе русская и немецкая музыка: Мусоргский, Лист, Чайковский, Рахманинов. Первое место выступления – курортные Висбаден и Баден-Баден, затем концертный зал Дюссельдорфа с величественным куполом и Берлин.',
        '09.02.2014', 17);
INSERT INTO public.spectacles (id, static_id, name, subject, country, city, place, address, description, year,
                               marker_id)
VALUES (59, NULL, 'Московская государственная консерватория им. П. И. Чайковского',
        'Первое выступление в Большом зале Московской консерватории', 'Россия', 'Москва', NULL,
        'Большая Никитская ул., 13/6, Москва, Россия',
        '25 декабря 1989 года Хворостовский впервые выступает в Большом зале Московской консерватории. Он поет партию князя Елецкого в концертном исполнении оперы Чайковского «Пиковая дама». Знаменитая ария «Я вас люблю, люблю безмерно» входила в конкурсную программу, с которой Дмитрий выступал в Кардиффе на том самом конкурсе, после победы в котором он проснулся знаменитым.',
        '25.12.1989', 46);
INSERT INTO public.spectacles (id, static_id, name, subject, country, city, place, address, description, year,
                               marker_id)
VALUES (45, NULL, 'Галерея Рафаэля в музее Виктории и Альберта', 'Открытие фонда ArtPoint', 'Великобритания', 'Лондон',
        NULL,
        'Галерея Рафаэля в музее Виктории и Альберта (Victoria & Albert Museum’s Raphael Gallery). Cromwell Road, London SW7 2RL',
        'В ноябре 2016 года Дмитрий Хворостовский вместе со своим давним партнером по сцене, концертмейстером Ивари Ильей выступает на гала-вечере, посвященном открытию фонда ArtPoint. Фонд, основанный в Великобритании, занимается поддержкой и развитием карьеры выдающихся художников. Дмитрий Хворостовский и его жена Флоранс — меценаты этого Фонда.',
        '13.11.2016', 32);
INSERT INTO public.spectacles (id, static_id, name, subject, country, city, place, address, description, year,
                               marker_id)
VALUES (46, NULL, 'Вигмор-холл', 'Дебют в Лондоне', 'Великобритания', 'Лондон', NULL,
        '(Wigmore Hall). 1st Floor, 32 Wigmore St, London W1U 2RP, Великобритания',
        'В камерном зале Вигмор-холла Хворостовскому довелось побывать не единожды, но всё же самым популярным его концертом остался дебют в 1989 году. Он случился сразу после судьбоносного конкурса в Кардиффе. Газета «Таймс» написала о выступлении так: «Пришел, спел, победил!». Несказанно повезло тогда и с аккомпаниатором: замечательный пианист Олег Бошнякович высоко оценил талант юного Дмитрия, назвав его «артистом невероятных, просто бездонных творческих возможностей».',
        '15.12.1989', 33);
INSERT INTO public.spectacles (id, static_id, name, subject, country, city, place, address, description, year,
                               marker_id)
VALUES (49, NULL, 'Лондонский Колизеум', '«Беслан. Концерт ради будущего»', 'Великобритания', 'Лондон', NULL,
        'Театр Колизеум (Coliseum). London Coliseum, St Martin''s Ln, London WC2N 4ES, Великобритания',
        '1 сентября 2004 года в городе Беслане в Северной Осетии террористы взяли в заложники больше 1000 человек и удерживали их в здании школы. Большинство удалось спасти, однако более 300 человек (детей и взрослых) погибли, а остальные получили ранения. В ноябре того же года Хворостовский участвует в благотворительном концерте «Беслан. Концерт ради будущего» в Колизеуме. Мероприятие посещает британский принц Чарльз. Часть средств будет перечислена жертвам теракта, а другая — вложена в культурное развитие на Кавказе.',
        '07.11.2004', 36);
INSERT INTO public.spectacles (id, static_id, name, subject, country, city, place, address, description, year,
                               marker_id)
VALUES (48, NULL, 'Королевский Альберт Холл', 'Гала-концерт в честь празднования 80-летия Михаила Горбачева',
        'Великобритания', 'Лондон', NULL, 'Imperial College Rd, South Kensington, London SW7 2AP, Великобритания',
        'Знаменитый Альберт-холл принимал Хворостовского шесть раз. По приятному совпадению зал находится в элитном районе Кенсингтон – Дмитрий несколько лет снимал там квартиру. На этой же сцене давали концерты и Битлз, и Pink Floyd, и ABBA. Одним из самых примечательных его выступлений становится "Gorby 80": неизменно харизматичный, он поет о любви на торжестве в честь юбилея Михаила Горбачева. В списке гостей Мила Йовович, Scorpions и другие.',
        '30.03.2011', 35);
INSERT INTO public.spectacles (id, static_id, name, subject, country, city, place, address, description, year,
                               marker_id)
VALUES (53, NULL, 'Столичный театр', 'Первый мастер-класс молодым финским певцам', 'Финляндия', 'Миккели', NULL,
        'Savilahdenkatu 11 50100 MIKKELI Puhelin 044 402 1539',
        'В июле 2002 года в небольшой город Миккели в Финляндии на родину Муми-троллей Дмитрий Хворостовский приезжает на следующий год после смерти Туве Янссон и за четыре года до триумфа финской группы Lordi на «Евровидении». Сейчас Хворостовский даёт свой первый мастер-класс молодым финским певцам. Всего он успеет выступить в Финляндии более 15 раз и побывает в самых разных уголках страны.',
        '2002, июль', 40);
INSERT INTO public.spectacles (id, static_id, name, subject, country, city, place, address, description, year,
                               marker_id)
VALUES (70, NULL, 'Опера Ниццы', 'Оперный дебют в Европе', 'Франция', 'Ницца', NULL,
        'Оперный театр Ниццы Франция, Прованс-Альпы-Лазурный Берег, Приморские Альпы, город Ницца, Rue Milton Robbins',
        'Ноябрь 1988 года. У Хворостовского оперный дебют в Европе с партией Елецкого в опере Чайковского «Пиковая дама». Только что он завоевал гран-при в XXXIV Международном конкурсе вокалистов в Тулузе, а теперь выступает в Ницце.',
        '11.11.1988', 54);
INSERT INTO public.spectacles (id, static_id, name, subject, country, city, place, address, description, year,
                               marker_id)
VALUES (87, NULL, 'Ледовый дворец', 'Концерт в честь 50-летия певца', 'Россия', 'Санкт-Петербург', NULL,
        'пр. Пятилеток, 1, лит. А, Санкт-Петербург, 193318',
        'Хворостовский празднует 50-летие юбилейными концертами в Санкт-Петербурге и Москве. Правда, есть нюанс: день рождения у певца был еще 16 октября. Однако из-за плотного графика он встретил юбилей на репетициях в Нью-Йорке, а на родине оказался только 3 месяца спустя. 21 января 2013 года состоялся концерт из цикла «Хворостовский и друзья» в Ледовом дворце в Санкт-Петербурге. Благодаря проекту «Хворостовский и друзья» в России выступили многие звезды мировой оперы. В концерте приняли участие Барбара Фриттоли, Рамон Варгас, Екатерина Губанова, Аскар и Ильдар Абдразаковы, группа «Кватро», Петербургский камерный хор, Балтийский симфонический оркестр, дирижёр К. Орбелян.',
        '23.01.2013', 69);
INSERT INTO public.spectacles (id, static_id, name, subject, country, city, place, address, description, year,
                               marker_id)
VALUES (85, NULL, 'Академический театр оперы и балета имени С. М. Кирова', 'Дебют в Мариинском театре', 'Россия',
        'Санкт-Петербург', NULL, 'Театральная площадь, 1, Санкт-Петербург, Россия',
        'До 1990-го года Дмитрий Хворостовский работает в Красноярском государственном театре оперы и балета. В 1988 году певец впервые принял участие в оперной постановке за пределами Красноярского театра оперы и балета. Он исполнил ведущую партию Валентина в опере Шарля Гуно «Фауст» в знаменитом Кировском театре в Ленинграде.',
        '06.11.1988', 67);
INSERT INTO public.spectacles (id, static_id, name, subject, country, city, place, address, description, year,
                               marker_id)
VALUES (92, NULL, 'Музей Фаберже', 'Концерт для гостей Петербургского экономического форума', 'Россия',
        'Санкт-Петербург', NULL, 'набережная реки Фонтанки, 21, Санкт-Петербург, 191023',
        'В июне 2016 года Хворостовский дает концерт для гостей Петербургского экономического форума в Белоколонном зале музея Фаберже. Для Дмитрия это не первое появление на ПМЭФ — четырьмя годами ранее он исполнял классические и современные мелодии на Дворцовой площади.',
        '16.06.2016', 74);
INSERT INTO public.spectacles (id, static_id, name, subject, country, city, place, address, description, year,
                               marker_id)
VALUES (38, NULL, 'Зал Кенмин Канагава', 'Гастрольный тур Мариинского театра, дирижёр В. Гергиев', 'Япония', 'Иокогама',
        NULL, '3-13-24 Yamashitacho, Naka Ward, Yokohama, Kanagawa 231-0023, Япония',
        'В ноябре 2003 года Дмитрий Хворостовский приезжает в Японию. На сцене концертного зала Кенмин Канагава в Иокогаме артист в главной роли спектакля Мариинского театра «Евгений Онегин», дирижёр – Валерий Гергиев.',
        '09.11.2003', 25);
INSERT INTO public.spectacles (id, static_id, name, subject, country, city, place, address, description, year,
                               marker_id)
VALUES (90, NULL, 'Шереметьевский дворец-Музей музыки', 'Выставка памяти Дмитрия Хворостовского', 'Россия',
        'Санкт-Петербург', NULL, 'Набережная реки Фонтанки, 34, Санкт-Петербург',
        '4 сентября 2020 года в петербургском Музее музыки открывается выставка памяти Хворостовского. Экспонаты предоставляет семья певца и Красноярский краеведческий музей. Экспозиция получается изумительно подробная: от младенческих распашонок и школьных дневников до президентских орденов и призов Metropolitan Opera Club. Архивные фото, сценические костюмы, афиши, диски.',
        '2020', 72);
INSERT INTO public.spectacles (id, static_id, name, subject, country, city, place, address, description, year,
                               marker_id)
VALUES (106, NULL, 'Концертный зал Ашер-Холл',
        'Сбор средств для шотландского фонда «Национальные коллекции произведений искусства»', 'Великобритания',
        'Эдинбург', NULL, '(Usher Hall). Lothian Rd, Edinburgh EH1 2EA, Великобритания',
        'С самого начала своей международной карьеры Хворостовский занимается благотворительностью. В начале 1990 года, пока в Москве выстраиваются очереди в первый Макдоналдс, певец отправляется в свои первые зарубежные гастроли. В феврале он даёт концерт в эдинбургском Usher Hall в рамках мероприятий по сбору средств для шотландского фонда «Национальные коллекции произведений искусства». В программе арии из опер Чайковского, Леонкавалло, Верди. На бис — ария Альфонсо из «Фаворитки» Гаэтано Доницетти.',
        '12.02.1990', 88);
INSERT INTO public.spectacles (id, static_id, name, subject, country, city, place, address, description, year,
                               marker_id)
VALUES (100, NULL, 'Оперный театр в Капитолии', 'XXXIV Международный конкурс вокалистов', 'Франция', 'Тулуза', NULL,
        'Франция, Окситания, Верхняя Гаронна, Тулуза, Rue du Poids de l''Huile',
        'Октябрь 1988 года. Это первая поездка Хворостовского в Европу. Он приезжает во Францию, где в это время идут выборы президента. В Тулузе певец завоевывает Гран-при на XXXIV Международном конкурсе вокалистов. Однако не обходится без казуса: за день до выступления выясняется, что текст каватины Валентина из «Фауста», которую должен был исполнять Дмитрий на французском языке, не является оригинальным! Приходится срочно менять программу: Дмитрию разрешили заменить каватину на арию Елецкого из оперы Чайковского «Пиковая дама». Жюри было в восторге от выступления Хворостовского, а его председатель Рольф Либерман так заслушался, что забыл позвонить в колокольчик и объявить следующего конкурсанта. Спустя месяц в голосовании снова победит Франсуа Миттеран, его президентство станет самым долгим в истории республики.',
        'октябрь 1988', 82);
INSERT INTO public.spectacles (id, static_id, name, subject, country, city, place, address, description, year,
                               marker_id)
VALUES (114, NULL, 'Центр оперного пения Галины Вишневской', '«Вечер русского романса»', 'Россия', 'Москва', NULL,
        'ул. Остоженка, 25, строение 1, Москва, 119034',
        'В октябре 2002 года в Москве произошел теракт: около 40 вооруженных человек захватили в заложники зрителей мюзикла «Норд-Ост». В ходе теракта на Дубровке погибли 174 человека. Освободить заложников удалось только через три дня – 26 октября. 27 октября Дмитрий Хворостовский исполнил русские романсы в Центре оперного пения Галины Вишневской в память о жертвах теракта.',
        '27.10.2002', 96);
INSERT INTO public.spectacles (id, static_id, name, subject, country, city, place, address, description, year,
                               marker_id)
VALUES (11, NULL, 'Красноярская краевая филармония', 'Благотворительный концерт', 'Россия', 'Красноярск', NULL,
        'площадь Мира, 2Б, Красноярск, Красноярский край, 660049',
        '7 декабря 1988 года в Армении происходит мощнейшее землетрясение — десятки тысяч погибших, полмиллиона человек остались без жилья. Свою помощь в восстановлении разрушенных городов оказывают 111 стран. 21 января 1989 года Дмитрий Хворостовский вместе с Ларисой Марзоевой выступают на благотворительном концерте с ариями из опер Вагнера, Верди и Чайковского. Собранные средства перечислены в Фонд пострадавших от землетрясения в Армении.',
        '21.01.1989', 99);
INSERT INTO public.spectacles (id, static_id, name, subject, country, city, place, address, description, year,
                               marker_id)
VALUES (111, NULL, 'Королевский оперный театр Маската', 'Дебют в Омане', 'Оман', 'Маскат', NULL,
        'Royal Opera House Al Kharjiyah Street مسقط OM، 103, Оман',
        'В 2001 году правитель Омана Кабус бен Саид отдал распоряжение о строительстве оперного театра. Султан был большим поклонником классической музыки. Открытие театра состоялось в 2011 году оперой «Турандот» с участием испанского тенора Пласидо Доминго. А в 2016 году в театре прошел концерт Дмитрия Хворостовского с оркестром «Карло Феличе» из Генуи под руководством дирижёра Константина Орбеляна.',
        '19.01.2016', 93);
INSERT INTO public.spectacles (id, static_id, name, subject, country, city, place, address, description, year,
                               marker_id)
VALUES (60, NULL, 'Московский театр «Новая Опера» имени Е.В. Колобова', 'Премьера оперы «Риголетто»', 'Россия',
        'Москва', NULL, 'ул. Каретный Ряд, 3 строение 2, Москва, 127006',
        '2000 год. Долгожданная премьера оперы «Риголетто» – совместного проекта Савоннлинского оперного фестиваля (Финляндия) и «Новой Оперы» (режиссёр – Ральф Лянгбака (Финляндия), дирижёр – Евгений Колобов (Москва)). Хворостовский дебютирует в партии Риголетто и удивляет всех, кто считал, что донжуанское амплуа — его пожизненный приговор. Оказалось, что он ничуть не менее убедителен в роли несчастного горбатого шута. Партия Риголетто станет одной из его коронных. После премьеры спектакль наградили множеством эпитетов: превосходный, шедевр, лучшая постановка «Новой Оперы», настоящий вердиевский спектакль!',
        '19/21.12.2000', 100);
INSERT INTO public.spectacles (id, static_id, name, subject, country, city, place, address, description, year,
                               marker_id)
VALUES (15, NULL, 'Красноярский государственный театр оперы и балета', 'Юбилей Красноярского края', 'Россия',
        'Красноярск', NULL, 'ул. Перенсона, 2, Красноярск, Красноярский край, 660049',
        '2009 год. Концерт, посвящённый 75-летию Красноярского края, с Академическим большим хором Российского государственного музыкального центра «Мастера хорового пения» Российского государственного музыкального телерадиоцентра под управлением Льва Конторовича.',
        '10.12.1990', 101);
INSERT INTO public.spectacles (id, static_id, name, subject, country, city, place, address, description, year,
                               marker_id)
VALUES (32, NULL, 'Свердловская государственная академическая филармония',
        'Концерт в рамках проекта «Хворостовский и друзья»', 'Россия', 'Екатеринбург', NULL,
        'ул. Карла Либкнехта, 38А, Екатеринбург, Свердловская обл., Россия, 620075',
        'В декабре 2010 года очередной концерт цикла «Хворостовский и друзья» проходит в новом формате. Вместо привычного дуэта – трио. С Дмитрием поёт Екатерина Сюрина, а также муж Сюриной, американский тенор Чарльз Кастроново. Программа продумана в живом развлекательном ключе: система микрофонов устроена так, чтобы артисты могли «свободно двигаться». Первоклассный вокал, остроумные сценки. В итоге – значительное событие для музыкального Екатеринбурга.',
        '19.12.2010', 19);
INSERT INTO public.spectacles (id, static_id, name, subject, country, city, place, address, description, year,
                               marker_id)
VALUES (18, NULL, 'Азербайджанская государственная академическая филармония имени Муслима Магомаева (старшего)',
        'ХII Всесоюзный конкурс вокалистов им. М. Глинки', 'Азербайджан', 'Баку', NULL,
        'ул. Суверенитета, 2, Баку, Азербайджан',
        'В октябре 1987 года Хворостовский завоевывает первое место на XII Всесоюзном конкурсе вокалистов имени Глинки. «На конкурсе бурлили подводные течения, различные кланы двигали вперед собственных фаворитов, и лишь я не знал в жюри ни единого человека», — расскажет Хворостовский в одном из интервью. Председатель жюри Ирина Архипова аплодирует стоя. Покорён и Муслим Магомаев: «У него дыхания на полстраницы». Хворостовский получает также Приз за лучшее исполнение арии из оперы Чайковского. Посыпались предложения от лучших театров СССР, разрешено давать сольные концерты в столичных городах. Но Хворостовский ещё не готов покидать родной Красноярск. В те же дни свой триумф празднует Иосиф Бродский: ему присудили Нобелевскую премию по литературе.',
        '05-28.10.1987', 6);
INSERT INTO public.spectacles (id, static_id, name, subject, country, city, place, address, description, year,
                               marker_id)
VALUES (101, NULL, 'Тюменская государственная филармония', 'Концерт в рамках проекта «Дмитрий Хворостовский и друзья»',
        'Россия', 'Тюмень', NULL, 'ул. Республики, 34, Тюмень, Тюменская обл., 625000',
        'В 2006 году, чтобы познакомить россиийских слушателей со звездами мировой величины, Дмитрий Хворостовский создает свой авторский проект «Хворостовский и друзья». В разное время в проекте участвовали американская оперная певица Рене Флеминг, корейская дива Суми Йо, ведущая солистка театра «Метрополитен Опера» Сандра Радвановски, известный немецкий тенор Йонас Кауфман и многие другие. В 2010 году вместе с Чарльзом Кастроново и Екатериной Сюриной Хворостовский проводит серию выступлений в нескольких городах России. В Тюмени в программе концерта звучат арии и ансамбли из опер Беллини, Верди, Россини, Бизе и Чайковского.',
        '17.12.2010', 83);
INSERT INTO public.spectacles (id, static_id, name, subject, country, city, place, address, description, year,
                               marker_id)
VALUES (33, NULL, 'Большой театр Женевы', 'Опера Вольфганга Амадея Моцарта «Дон Жуан», партия Дон Жуана', 'Швейцария',
        'Женева', NULL, 'Bd du Théâtre 11, 1204 Genève, Швейцария',
        'В 1999 году Хворостовский приезжает в Швейцарию, чтобы исполнить партию Дон Жуана в опере Вольфганга Амадея Моцарта «Дон Жуан». Здесь Дмитрий познакомился с Флоранс Илли, которая исполняет роль Церлины. Между ними пробегает искра.',
        '1999', 20);
INSERT INTO public.spectacles (id, static_id, name, subject, country, city, place, address, description, year,
                               marker_id)
VALUES (74, NULL, 'Концертный зал «Карнеги-холл»', 'Хворостовский в Карнеги-холле', 'США', 'Нью-Йорк', NULL,
        '881 7th Ave, New York, NY 10019, Соединенные Штаты',
        'На сцене престижного Карнеги-холла проходили по большей части сольные концерты певца. Программа самая разнообразная: оперы «Пиковая дама» и «Иоланта» Чайковского, «Разбойники» и «Бал-маскарад» Джузеппе Верди, «Фаворитка» Гаэтано Доницетти. В Карнеги-холле исполнялись произведения композиторов: Габриэля Форе, Сергея Танеева, Ференца Листа, Петра Ильича Чайковского, Модеста Мусоргского, Георгия Свиридова, Мориса Равеля, Густава Малера, Анри Дюпарка, Михаила Глинки, Николая Римского-Корсакова, Рихарда Штрауса.  Карнеги стал значимой площадкой для творческой дружбы Хворостовского с Ильей Ивари: умный и деликатный аккомпанемент, яркий и выразительный вокал. Они познакомились еще в Кардиффе – на том самом легендарном конкурсе, после которого Хворостовский проснулся знаменитым. На сцену Карнеги-холла и на мировую сцену вообще Хворостовский вывел многих российских артистов, среди них известные сегодня Анна Нетребко, Ильдар Абразаков, Екатерина Сюрина и другие. Он всегда помогал талантливым молодым исполнителям, как и его великий учитель Ирина Архипова.',
        '1991-2016', 58);
INSERT INTO public.spectacles (id, static_id, name, subject, country, city, place, address, description, year,
                               marker_id)
VALUES (91, NULL, 'Дворцовая площадь',
        'Гала-концерте «Классика на Дворцовой» в рамках празднования Дня города Санкт-Петербурга', 'Россия',
        'Санкт-Петербург', NULL, 'Дворцовая пл., Санкт-Петербург, 191186',
        '27 мая 2017 года Хворостовский участвует в гала-концерте «Классика на Дворцовой» в рамках празднования Дня города Санкт-Петербурга. Представление разворачивается под открытым небом, на фоне Эрмитажа. За костюмированным шоу и фантазийными видеопроекциями наблюдает около полумиллиона зрителей. Дмитрий исполняет неаполитанскую песню Родольфо Фальво и романс «Очи чёрные».',
        '27.05.2017', 73);
INSERT INTO public.spectacles (id, static_id, name, subject, country, city, place, address, description, year,
                               marker_id)
VALUES (86, NULL, 'БЗК «Октябрьский»', 'Проект «Хворостовский и друзья»', 'Россия', 'Санкт-Петербург', NULL,
        'Лиговский пр., 6, Санкт-Петербург, 191036',
        'В 2006 году Дмитрий Хворостовский создаёт проект «Хворостовский и друзья». Местом для проведения его выступлений становится Большой концертный зал «Октябрьский». Основная задача певца – познакомить российского слушателя с лучшими оперными исполнителями всего мира. В 2013 году в честь своего 50-летия Дмитрий собрал на одной сцене целую плеяду артистов мировой оперы.',
        '2006', 68);
INSERT INTO public.spectacles (id, static_id, name, subject, country, city, place, address, description, year,
                               marker_id)
VALUES (105, NULL, 'Театр Лирик Опера', 'Дмитрий Хворостовский в Театре Лирик Опера', 'США', 'Чикаго', NULL,
        '20 N Upper Wacker Dr, Chicago, IL 60606, США',
        'С Лирической оперой Чикаго Хворостовского связывают долгие теплые отношения. В 1993 году на сцене Лирик-опера состоялся американский дебют Хворостовского в «Травиате» Дж.Верди (впоследствии партию отца Жермона он исполнит на этой сцене более 10 раз). В 1996-м Дмитрий выступит в опере Шарля Гуно «Фауст» (партия Валентина), а в 2003-м дебютирует с партией Ренато в опере «Бал-маскарад» Дж. Верди. В 2008-м Хворостовский исполняет партию Евгения Онегина в одноименной опере Чайковского. В августе 2011 г. ушёл в отставку генеральный директор Лирик-опера Уильям Мэйсон, занимавший эту должность с 1997 года. Концерт Дмитрия Хворостовского и Рене Флеминг, посвящённый Уильяму Мэйсону, состоялся только 7 января 2012 г. Последнее выступление Хворостовского на этой сцене прошло 26 февраля 2016 года.',
        '1993-2016', 87);
INSERT INTO public.spectacles (id, static_id, name, subject, country, city, place, address, description, year,
                               marker_id)
VALUES (58, NULL, 'Колонный зал Дома Союзов', 'Выступление в концерте памяти Ю.А. Гуляева', 'Россия', 'Москва', NULL,
        'ул. Большая Дмитровка, 1/30, Москва',
        'В 1989 году Дмитрий Хворостовский одержал триумфальную победу на престижном вокальном конкурсе BBC в Кардиффе. В том же году он выступает в Москве в концерте памяти Юрия Александровича Гуляева в Колонном зале Дома Союзов.',
        '02.04.1989', 45);
INSERT INTO public.spectacles (id, static_id, name, subject, country, city, place, address, description, year,
                               marker_id)
VALUES (72, NULL, 'Государственный концертный зал филармонии им. Арнольда Михайловича Каца',
        'Международный рождественский фестиваль искусств', 'Россия', 'Новосибирск', NULL,
        'Красный пр-т., 18/1, Новосибирск',
        '18 декабря 2013 года Дмитрий Хворостовский принимает участие в концерте, который проходит на сцене Государственного концертного зала филармонии им. Арнольда Михайловича Каца в рамках Международного рождественского фестиваля искусств. Программа «Только для вас». Свое выступление Дмитрий посвящает Муслиму Магомаеву. Сам Хворостовский вспоминал, что однажды во время работы в Metropolitan Opera он очень соскучился по русской музыке, зашел в интернет и за один раз прослушал около 40 композиций в исполнении Магомаева.',
        '18.12.2013', 56);
INSERT INTO public.spectacles (id, static_id, name, subject, country, city, place, address, description, year,
                               marker_id)
VALUES (94, NULL, 'Концертный зал «New Wave Hall»',
        'Выступление на международном конкурсе молодых исполнителей «Новая волна-2016»', 'Россия', 'Сочи', NULL,
        'Олимпийский просп., 17, Сочи, Краснодарский край, 354340',
        'Последнее выступление Хворостовского на международном конкурсе молодых исполнителей «Новая волна-2016» в Сочи. 7 сентября 2016 года в рамках конкурса состоялся творческий вечер композитора и продюсера Игоря Крутого. В этот день на сцену вышли звезды мировой величины – Дмитрий Хворостовский, Лара Фабиан, Анна Нетребко, которым аккомпонимировал на рояле сам маэстро. На концерте Хворостовский спел несколько композиций на музыку Игоря Крутого в сопровождении Президентского оркестра Республики Беларусь, дирижёр Виталий Кульбаков.',
        '07.09.2016', 76);
INSERT INTO public.spectacles (id, static_id, name, subject, country, city, place, address, description, year,
                               marker_id)
VALUES (61, NULL,
        'Концертный зал им. П.И. Чайковского Московской государственной академической филармониии и концертный зал «Филармония–2» (Олимпийская деревня)',
        'Партия Демона в опере Антона Рубинштейна', 'Россия', 'Москва', NULL, 'Тверская ул., д. 31/4, стр. 1',
        'Карьера Хворостовского наполнена дебютами. В феврале 2015-го, в 53 года, он впервые исполняет партию Демона в одноименной опере Антона Рубинштейна в постановке Дмитрия Бертмана. Произведение, написанное 150 лет назад, так и не удостаивалось успешного сценического исполнения, пока за эту роль не взялся Дмитрий Хворостовский. В одном из интервью о работе над «Демоном» он говорил: «Вся моя жизнь – доказательство выхода за рамки, а вообще жизнь – она прекрасна, но, увы, коротка».',
        '30.01-2/5.02.2015', 47);
INSERT INTO public.spectacles (id, static_id, name, subject, country, city, place, address, description, year,
                               marker_id)
VALUES (63, NULL, 'Московский театр «Новая Опера» имени Е.В. Колобова',
        'Почетное звание «Народный артист Российской Федерации»', 'Россия', 'Москва', NULL,
        'ул. Каретный Ряд, 3 строение 2, Москва, 127006',
        '5 августа 1995 года за большие заслуги в области искусства Дмитрию Хворостовскому присваивают высшее почетное звание России в области искусства «Народный артист Российской Федерации». На тот момент Хворостовскому 35 лет. Он самый молодой среди тех, кого удостоили почетным званием в этом году. 27 декабря 1997 года Наина Ельцина вручила Хворостовскому награду во время открытия сцены театра «Новая опера».',
        '05.08.1995', 100);
INSERT INTO public.spectacles (id, static_id, name, subject, country, city, place, address, description, year,
                               marker_id)
VALUES (20, NULL, 'Площадь Евровидения', 'VII open-air фестиваля Viva Musica!', 'Словакия', 'Братислава', NULL,
        '811 02 Bratislava, Slovakia',
        'Фестиваль "Viva Musica!" проходит в столице Словакии с 2004-го года. Хворостовский приезжает на него в июле 2011 года и участвует в рамках VII оpen-air с оркестром Словакии, дирижёр Константин Орбелян. Дмитрий надеется, что завтра во время выступления погода не подведет, и шутит, что когда он выступает под открытым небом, всегда идет дождь. Певец не ошибся — весь день моросит дождь, однако он не мешает зрителям наслаждаться произведениями в исполнении Дмитрия.',
        '30.07.2011', 8);
INSERT INTO public.spectacles (id, static_id, name, subject, country, city, place, address, description, year,
                               marker_id)
VALUES (25, NULL, 'Имперский Курхаус', '«Арт Ассамблеи. Дни российской культуры»', 'Германия', 'Вис-Баден', NULL,
        '65189 Wiesbaden, Германия',
        'В феврале 2014 года в рамках проекта Арт-ассамблеи "Дни российской культуры" Хворостовский собирает аншлаг в роскошном имперском "Курхаусе" в немецком городе Висбадене. В программе вечера — сочинения Чайковского, Рахманинова, Мусоргского, Листа. За роялем — эстонский пианист Илья Ивари. По сообщению организаторов публика долго не отпускала солиста со сцены и устроила продолжительные овации.',
        '03.02.2014', 13);
INSERT INTO public.spectacles (id, static_id, name, subject, country, city, place, address, description, year,
                               marker_id)
VALUES (79, NULL, 'Сцена Охридского античного театра', 'Открытие 53-го Летнего фестиваля «Охрид-2013»', 'Македония',
        'Охрид', NULL, 'Охрид 6000, Северная Македония',
        'В июле 2013 года на открытии 53-летнего фестиваля искусств в Охриде Хворостовский солирует в сопровождении Македонского хора и оркестра, дирижёр Константин Орбелян. Фестиваль в Охриде существует с 1961 года и ежегодно собирает величайших звёзд мира музыки, поэтому участие в нем – огромная честь. В Охриде выступили такие музыканты, как Леонид Коган, Святослав Рихтер, Андре Наварра, Мстислав Ростропович, Руджеро Риччи, Сальваторе Аккардо, Елена Образцова, Катя Риччарелли, Виктория де лос Анхелес, Максим Венгеров, Мишель Камило, Пол Мейер, Лео Нуччи, Барбара Фриттоли, Джесси Норман, Найджел Кеннеди, Зубин Мехта, Эннио Морриконе.',
        '12.07.2013', 61);
INSERT INTO public.spectacles (id, static_id, name, subject, country, city, place, address, description, year,
                               marker_id)
VALUES (88, NULL, 'Петропавловский собор', 'Альбом песнопений «Credo»', 'Россия', 'Санкт-Петербург', NULL,
        'Петропавловская крепость, Санкт-Петербург, 197046',
        'Съёмка клипа «Утверди, Боже!» (музыка А. Косолапова) для продвижения диска «Credo» литургической православной музыки, духовных песнопений на канонический церковный текст, который был записан в августе 1994 с Санкт-Петербургским камерным хором (художественный руководитель и главный дирижёр Николай Корнев). Альбом выпускается звукозаписывающей компанией Philips Classics Productions в октябре 1996 г., в России диск выходит под названием «Верую». В мае 1996 г. Хворостовский с хором Николая Корнева в Санкт-Петербургском зале Государственной академической капеллы им. М.И. Глинки запишет диск русских народных песен «Kalinka» (Philips Classics, октябрь 1998).',
        '1994, август', 70);
INSERT INTO public.spectacles (id, static_id, name, subject, country, city, place, address, description, year,
                               marker_id)
VALUES (64, NULL, 'Красная площадь', 'Первый сольный концерт на Красной Площади', 'Россия', 'Москва', NULL,
        'Красная площадь',
        'Популярность классической музыки в России благодаря Хворостовскому достигает невиданных высот — он становится первым оперным певцом, который дает бесплатный благотворительный сольный концерт на Красной площади. В концерте принимают участие Государственный академический камерный оркестр России (дирижёр К. Орбелян), хор Йельского университета (США), камерный хор «Духовное возрождение» Московского государственного института музыки имени А.Г. Шнитке под управлением Льва Конторовича, Санкт-Петербургский коллектив народных инструментов «Стиль пяти». Мероприятие проводится в мае 2004 года в пользу ветеранов войны, при поддержке Администрации Президента России и при финансовом участии Сбербанка России. На концерте присутствует президент России Владимир Путин и президент Египта Хосни Мубарак. Прямая трансляция концерта ведется телеканалами «Россия» и «РТР – планета» на аудиторию 41 млн зрителей в 37 стран мира.',
        '28.05.2004', 49);
INSERT INTO public.spectacles (id, static_id, name, subject, country, city, place, address, description, year,
                               marker_id)
VALUES (39, NULL, 'Татарский академический государственный театр оперы и балета им.М.Джалиля',
        'Всероссийский оперный фестиваль им. Ф.И. Шаляпина', 'Россия', 'Казань', NULL,
        'Свободы пл., Казань, Респ. Татарстан, 420015',
        'В июне 1993 года в Казани проходит Всероссийский оперный фестиваль имени Фёдора Ивановича Шаляпина. Хворостовский приезжал сюда 4 года назад. Тогда к нему ещё не пришла мировая известность, он не перемещался со скоростью 3 страны в неделю, а сейчас он — звезда. Тогда Дмитрий оставил запись в Книге Почётных гостей фестиваля: «С благодарностью и невероятным удовольствием благодарю за долгожданную встречу. От современного певца Д. Хворостовского».',
        '06.06.1993', 26);
INSERT INTO public.spectacles (id, static_id, name, subject, country, city, place, address, description, year,
                               marker_id)
VALUES (97, NULL, 'Концертный зал телерадиокомпании Эн-Эйч-Кей',
        'Концерт с симфоническим оркестром NHK, дирижёр Ричард Брэдшоу', 'Япония', 'Токио', NULL,
        '5-45 Uenokoen, Taito City, Tokyo 110-8716, Япония',
        '2000 год, Дмитрию Хворостовскому 38 лет. Только что ему присвоили звание Почетного гражданина Красноярска за личные выдающиеся заслуги в развитии культуры и искусства города. Он закончил работу над фильмом-оперой «Don Giovanni: Leporello’s Revenge» и приехал в Токио выступить на местном телевидении по приглашению одного из старейших японских оркестров NHK. За дирижёрским пультом — британский и канадский дирижёр Ричард Брэдшоу.',
        '15.10.2000', 79);
INSERT INTO public.spectacles (id, static_id, name, subject, country, city, place, address, description, year,
                               marker_id)
VALUES (14, NULL, 'Дворец спорта имени Ивана Ярыгина', '«Песни военных лет»', 'Россия', 'Красноярск', NULL,
        'ул. Остров Отдыха, 12, Красноярск, Красноярский край, 660064',
        '«В детстве я хорошо и много играл в футбол. Мама начинала сомневаться в моих умственных способностях, когда я вместо рояля и уроков целыми днями стучал мячом в стенку», – рассказывал Дмитрий Хворостовский. И на крупном стадионе он позже выступит, но в другом амплуа. В 2015 году оперный певец прилетел в родной город и впервые выступил во Дворце спорта им. Ивана Ярыгина в сопровождении Красноярского академического симфонического оркестра под управлением Константина Орбеляна',
        '27.05.2015', 3);
INSERT INTO public.spectacles (id, static_id, name, subject, country, city, place, address, description, year,
                               marker_id)
VALUES (115, NULL, 'Амфитеатр Раананы', 'Концерт с Раананским симфоническим оркестром', 'Израиль', 'Тель-Авив', NULL,
        'Sderot Sha''ul HaMelech, Tel Aviv-Yafo, Израиль',
        'В 1921 году в Израиле было основано маленькое поселение. Вначале поселение называлось «Ахуза А – Нью-Йорк». Арабы этого региона называли его «Маленькой Америкой», так как большинство его жителей говорили по-английски и были выходцами из Нью-Йорка. Позже поселенцы-основатели присвоили ему официальное название «Раанана». Именно в этом небольшом городке возле Тель-Авива в июле 2009 года Дмитрий Хворостовский выступил с местным симфоническим оркестром. Дирижировал Ион Марин.',
        '04.07.2009', 97);
INSERT INTO public.spectacles (id, static_id, name, subject, country, city, place, address, description, year,
                               marker_id)
VALUES (50, NULL, 'Посольство РФ в Лондоне', 'Концерт для сотрудников посольства', 'Великобритания', 'Лондон', NULL,
        '14 Victoria Grove Mews, London W2 4LN, Великобритания',
        'В мае 2015 года Хворостовский дает концерт для сотрудников российского посольства в Лондоне. Всего месяц назад ему поставили тревожный диагноз – опухоль мозга. Дмитрий поёт известнейшие произведения русских композиторов: Глинки, Чайковского, Рахманинова, Бородина. Дмитрий тогда сказал: «Я не хочу рассказывать вам о деталях и трудностях моего лечения, которое я прохожу и буду проходить. Но я хотел собрать всех вас, потому что я очень по вам соскучился. И главная причина: так получилось, что я живу в Лондоне уже 20 с лишним лет, и я никогда здесь не бывал, а это просто нелепо. Так что я решил выступить здесь с концертом и очень рад тому, что вы все пришли. Спасибо вам!» Это был акт единения с Россией, с русской культурой, с русской музыкой, которую он исполнял в российском посольстве.',
        '05.07.2015', 37);
INSERT INTO public.spectacles (id, static_id, name, subject, country, city, place, address, description, year,
                               marker_id)
VALUES (34, NULL, 'Малый фестивальный театр', 'Зальцбургский фестиваль', 'Австрия', 'Зальцбург', NULL,
        'Hofstallgasse 1, 5020 Salzburg, Австрия',
        'Два года подряд — в 1995-м и 1996-м — Хворостовский приезжает в Австрию на Зальцбургский фестиваль. Основатели мероприятия особо подчеркивали важность музыки австро-немецких композиторов, поэтому Дмитрий именно здесь впервые исполняет партию графа Альмавивы в опере Вольфганга Амадея Моцарта «Женитьба Фигаро». В августе 2004 года он вернется на фестиваль, но уже с оперой «Война и мир» Сергея Прокофьева и партией Болконского в сопровождении Мариинского театра под руководством дирижера Валерия Гергиева. Спектакль для истории записывает местное телевидение.',
        '1995, 1996, 2004', 21);
INSERT INTO public.spectacles (id, static_id, name, subject, country, city, place, address, description, year,
                               marker_id)
VALUES (24, NULL, 'Театр ла Фениче', 'Партия Онегина в опере Чайковского', 'Италия', 'Венеция', NULL,
        'Campo S. Fantin, 1965, 30124 Venezia VE, Италия',
        'Советский молодой баритон из Сибири — главная сенсация в мире оперы, после победы в 1989 году в Международном конкурсе певцов в Кардиффе он получил приглашения из лучших оперных театров мира — от лондонского "Ковент-Гардена" и Баварской оперы до Миланского "Ла Скала" и Нью-Йоркской "Метрополитен Опера". В феврале 1991-го года в Венеции Хворостовский исполняет партию Онегина в опере «Евгений Онегин» Чайковского. Примерно в это же время по улицам этого же города прогуливается поэт Иосиф Бродский.',
        '1991, февраль', 12);
INSERT INTO public.spectacles (id, static_id, name, subject, country, city, place, address, description, year,
                               marker_id)
VALUES (51, NULL, 'Концертный зал Барбикан',
        'Выступление с Государственным академическим камерным оркестром России и Санкт-Петербургским коллективом народных инструментов «Стиль пяти»',
        'Великобритания', 'Лондон', NULL, '(Barbican Hall). Silk St, Barbican, London EC2Y 8DS, Великобритания',
        'Центр искусств Барбикан, в котором расположен Концертный зал, является ярким образцом стиля «брутализм», характерного для послевоенной Великобритании. В декабре 2003 года здесь выступает Хворостовский с Государственным академическим камерным оркестром России и Санкт-Петербургским коллективом народных инструментов «Стиль пяти». Певца дважды вызывают на бис — во второй раз он словно шепотом поет «Где-то далеко...», «Песню о далёкой Родине» Микаэла Таривердиева.',
        '14.12.2003', 38);
INSERT INTO public.spectacles (id, static_id, name, subject, country, city, place, address, description, year,
                               marker_id)
VALUES (109, NULL, 'Театр Колон', 'Гастроли в Аргентине', 'Аргентина', 'Буэнос-Айрес', NULL,
        'Cerrito 628, C1010 CABA, Аргентина',
        '16 октября 1998 года: свой 35-й день рождения Дмитрий Хворостовский встретил на гастролях в Австралии. В тот год его сольные камерные концерты прошли также в Барселоне, Мадриде, Риме, Тулузе, Нью-Йорке, Сан-Франциско, Рио-де-Жанейро, Мехико, Сан-Паулу. В театре Колон в Аргентине Дмитрий Хворостовский исполняет партию Евгения Онегина в серии спектаклей «Евгений Онегин».',
        'декабрь 1997', 91);
INSERT INTO public.spectacles (id, static_id, name, subject, country, city, place, address, description, year,
                               marker_id)
VALUES (13, NULL, 'Красноярский государственный театр оперы и балета', 'Прощальный бенефис', 'Россия', 'Красноярск',
        NULL, 'ул. Перенсона, 2, Красноярск, Красноярский край, 660049',
        'В декабре 1990 года Хворостовский дает прощальный бенефис на родной красноярской сцене. Он окрылён успехом: после выступления на оперном конкурсе в Кардиффе предложения от легендарных театров мира не иссякают. Контракт в Красноярске решено не продлевать. Всю свою богатую фонотеку Дмитрий отдает другу-тенору и переезжает в свой новый дом в Москву, где ему уже дали квартиру. Дмитрию 28, и его головокружительная карьера только начинается.',
        '10.12.1990', 101);
INSERT INTO public.spectacles (id, static_id, name, subject, country, city, place, address, description, year,
                               marker_id)
VALUES (80, NULL, 'Театр Шатле', 'Опера «Евегний Онегин» (партия Онегина)', 'Франция', 'Париж', NULL,
        '2 Rue Edouard Colonne, 75001 Paris, Франция',
        'Октябрь 1992 года, выступление Хворостовского в парижском театре "Шатле". Он поет партию Евгения Онегина в одноименной опере в постановке Адольфа Дрезена. Отношения с режиссером не заладились, кардинально отличаются взгляды на сюжет. Хворостовский заявляет: «Постановка совсем не про то!» Его возмущают «и безобразные платья, и роговые очки Лариной, и дамы в шляпах с сетками от пчел». Хворостовский всегда сопротивлялся сильным "перегибам" режиссёров. Но премьера всё же состоится. В 1993-м вышла цифровая запись коллекции образцов оперных спектаклей в серии "Оперные премьеры", выпуск 1993 г., куда вошла сцена «В вашем доме!» из оперы «Евгений Онегин» в исполнении: Дмитрия Хворостовского (партия Онегин), Сары Уолкер (партия Ларина), Нуччи Фочиле (партия Татьяна), Ольги Бородиной (партия Ольга), Нила Шикоффа (партия Ленский) с Санкт-Петербургским камерным хором и оркестром Парижа.',
        '04.10.1992', 62);
INSERT INTO public.spectacles (id, static_id, name, subject, country, city, place, address, description, year,
                               marker_id)
VALUES (75, NULL, 'Отель «Плаза»', 'Благотворительный бал «Петрушка»', 'США', 'Нью-Йорк', NULL,
        '5th Avenue at, Central Park S, New York, NY 10019, США',
        '2 августа 2002 года Дмитрий Хворостовский принимает участие в ежегодном благотворительном бале «Петрушка». Бал организован с целью сбора средств на поддержку русской культуры в Америке и является главным благотворительным мероприятием Общества помощи русским детям, основанного семьями «белых» эмигрантов в 1926 году. Выступление с аншлагом проходит в бальном зале отеля «Плаза».',
        '02.08.2002', 98);
INSERT INTO public.spectacles (id, static_id, name, subject, country, city, place, address, description, year,
                               marker_id)
VALUES (67, NULL, 'Театр Принца-Регента', 'Мюнхенский Оперный фестиваль', 'Германия', 'Мюнхен', NULL,
        'Prinzregentenpl. 12, 81675 München, Германия',
        'Традиционно летом Баварская государственная опера открывает свои двери для Мюнхенского оперного фестиваля. Его главная тема в 2013 году — 200-летие выдающихся композиторов Рихарда Вагнера и Джузеппе Верди. Хворостовский и пианист Илья Ивари исполняют произведения Сергея Рахманинова и Ференца Листа, а под занавес удивляют требовательную публику мощью произведений Николая Метнера.',
        '03.07.2013', 51);
INSERT INTO public.spectacles (id, static_id, name, subject, country, city, place, address, description, year,
                               marker_id)
VALUES (54, NULL, 'Театр "Ла Скала"', 'Дебют с партией Родриго в опере Дж. Верди «Дон Карлос»', 'Италия', 'Милан', NULL,
        'Teatro alla Scala, Via Filodrammatici, 2, 20121 Milano MI, Италия',
        'В декабре 1992 года Хворостовский дебютирует с партией Родриго в знаменитой «большой» опере Верди на сцене театра "Ла Скала". Именно этот театр возродил постановку первоначальной пятиактной французской версии 1866 года. Певцу едва исполнилось 30 лет. В декабре 2016 года по состоянию здоровья он вынужден будет отказаться от участия в двух спектаклях «Дон Карлос» в Большом театре. Среди русскоязычных исполнителей Хворостовский окажется самым известным исполнителем партии Родриго.',
        '1992, декабрь', 41);
INSERT INTO public.spectacles (id, static_id, name, subject, country, city, place, address, description, year,
                               marker_id)
VALUES (7, NULL, 'Красноярский государственный театр оперы и балета', 'Спектакль «Терем-Теремок» (роль – Ёжик)',
        'Россия', 'Красноярск', NULL, 'ул. Перенсона, 2, Красноярск, Красноярский край, 660049',
        'В 1995 году Хворостовскому 22, он играет Ёжика в детской сказке «Терем-Теремок». Всё согласно правилам театра – для детей работают только артисты первого эшелона. Партнерша Дмитрия вспоминает: «Быстро стало понятно, что работать с ним – одно удовольствие». Маленькие зрители приходят в полный восторг. Конечно, тогда никто не мог предположить, что спустя 33 года театру присвоят имя Хворостовского.',
        '02.06.1985', 101);
INSERT INTO public.spectacles (id, static_id, name, subject, country, city, place, address, description, year,
                               marker_id)
VALUES (71, NULL, 'Терраса гостиницы «Негреско»', 'Первый контракт со студией Philips Classics', 'Франция', 'Ницца',
        NULL, '37 Prom. des Anglais, 06000 Nice, Франция Терраса гостиницы «Негреско»',
        'В октябре 1989 года Дмитрий Хворостовский подписывает свой первый контракт на сольный альбом с звукозаписывающей компанией Philips Classics, которая заинтересовалась им ещё в Кардиффе. Это начало стремительной международной карьеры. Philips Classics получает эксклюзивное право организовывать концерты певца и записывать аудио- и видеодиски с его концертными программами. За 10 лет сотрудничества Philips выпустила больше двух десятков альбомов, включающих как сольные программы, так и арии из опер.',
        '1989, октябрь', 55);
INSERT INTO public.spectacles (id, static_id, name, subject, country, city, place, address, description, year,
                               marker_id)
VALUES (110, NULL, 'Площадь парламента Армении', 'Выступление под открытым небом', 'Армения', 'Ереван', NULL,
        '19 Marshal Baghramyan Ave, Yerevan 0095, Армения',
        'В 2006 году профессору Красноярской государственной академии музыки и театра Екатерине Константиновне Иофель, преподавателю Дмитрия Хворостовского, была присуждена золотая медаль фонда Ирины Архиповой «За выдающийся педагогический вклад в дело воспитания нескольких поколений талантливых певцов». В этом же году Дмитрий, уже всемирно известный оперный певец, выступит акапелльно под открытым небом напротив парламента в Ереване.',
        '2006', 92);
INSERT INTO public.spectacles (id, static_id, name, subject, country, city, place, address, description, year,
                               marker_id)
VALUES (3, NULL, 'Красноярский государственный театр оперы и балета', 'Выступление на бенефисе Ларисы Марзоевой',
        'Россия', 'Красноярск', NULL, 'ул. Перенсона, 2, Красноярск, Красноярский край, 660049',
        'Миллениум не стал концом света, как обещали в конце 1990-х мировые СМИ, и 14 января в Красноярском театре оперы и балета проходит бенефис сопрано Ларисы Марзоевой. Дата концерта специально выбрана так, чтобы на нем смог выступить ее друг и партнер по сцене Дмитрий Хворостовский, приехавший на благотворительный концерт в Красноярскую краевую филармонию. Вместе они исполняют дуэт Джильды и Риголетто из оперы Верди «Риголетто».',
        '14.01.2000', 101);
INSERT INTO public.spectacles (id, static_id, name, subject, country, city, place, address, description, year,
                               marker_id)
VALUES (52, NULL, 'Павильон Дороти Чендлер Лос-Анджелеской оперы',
        'Мировая премьера поэмы Георгия Свиридова «Отчалившая Русь»', 'США', 'Лос-Анджелес', NULL,
        '135 N Grand Ave, Los Angeles, CA 90012, Соединенные Штаты',
        'В марте 1994 года Хворостовский поет «Отчалившую Русь» Свиридова в одном из крупнейших залов Лос-Анджелеса. Этот вокальный цикл на стихи Сергея Есенина уже хорошо знают в России – его исполняла Елена Образцова. Но зарубежный зритель впервые слышит «Русь» именно в исполнении Хворостовского. Свиридов отзывается о нём крайне лестно: «Я всю жизнь ждал своего певца и наконец дождался». Хворостовский исполнял поэмы Свиридова и на Западе, и в США, и везде его музыка в исполнении Дмитрия Хворостовского находила отклик в сердцах слушателей. Отмечая сложность исполнения музыки Свиридова, о том, что «это его крест», Хворостовский говорил и следующее: «Просто я хочу, чтобы великую русскую музыку, музыку Свиридова, узнал мир. Я могу это сделать и делаю, по мере сил и возможностей».',
        '01.03.1994', 39);
INSERT INTO public.spectacles (id, static_id, name, subject, country, city, place, address, description, year,
                               marker_id)
VALUES (12, NULL, 'Красноярский государственный театр оперы и балета', 'Дебют в партии Фигаро', 'Россия', 'Красноярск',
        NULL, 'ул. Перенсона, 2, Красноярск, Красноярский край, 660049',
        'В январе 1990 года Горбачев возвращает Мстиславу Ростроповичу гражданство СССР (тот его не принимает). А Хворостовский дебютирует в партии Фигаро в опере «Севильский цирюльник» Россини. В ХIХ веке эту партию пел бас, по новой классификации — баритон. Фигаро пел голосом Юрия Гуляева, Александра Инашвили и Муслима Магомаева. Каватину Фигаро Дмитрий будет исполнять и в сентябре того же года, но уже в Москве, на своем сольном концерте на сцене Большого театра.',
        '1990,январь', 101);
INSERT INTO public.spectacles (id, static_id, name, subject, country, city, place, address, description, year,
                               marker_id)
VALUES (66, NULL, 'Государственный академический музыкальный театр им. К.С. Станиславского и В.И. Немировича-Данченко',
        'Оперный дебют на московской сцене', 'Россия', 'Москва', NULL, 'улица Большая Дмитровка, 17, Москва',
        'Оперный дебют Дмитрия Хворостовского на московской сцене в ведущей партии Онегина в опере Петра Ильича Чайковского «Евгений Онегин» состоялся в ноябре 1988 года.',
        '26.11.1988', 50);
INSERT INTO public.spectacles (id, static_id, name, subject, country, city, place, address, description, year,
                               marker_id)
VALUES (41, NULL, 'Амфитеатр «Фернанд Линдсей»', '«Le Festival de Lanaudière»', 'Канада', 'Квебек', NULL,
        'Квебек, Канада. 1655 Bd Base-de-Roc, Joliette, QC J6E 0L1',
        'В июле 1998 года Хворостовский впервые выступает на «Le Festival de Lanaudière» — самом крупном в Канаде фестивале классической музыки. В рамках Международного фестиваля в сопровождении Монреальского симфонического оркестра (дирижёр Шарль Дютуа) Хворостовский исполняет вокальный цикл М.П. Мусоргского «Песни и пляски смерти», арии из опер Дж. Верди «Бал-маскарад», «Трубадур», «Дон Карлос», каватину Фигаро из оперы Дж. Россини «Севильский цирюльник» и романс «Очи чёрные».',
        '18.07.1998', 28);
INSERT INTO public.spectacles (id, static_id, name, subject, country, city, place, address, description, year,
                               marker_id)
VALUES (68, NULL, 'Префектурный центр искусств Аичи', 'MET Japan Tour', 'Япония', 'Нагоя', NULL,
        '1 Chome-13-2 Higashisakura, Higashi Ward, Nagoya, Aichi 461-0005, Япония',
        'За два месяца до начала MET Japan Tour на АЭС Фукусима происходит авария, сравнимая с Чернобылем. Несколько участников тура отказываются ехать в Японию, опасаясь радиации. Хворостовский сообщает Метрополитен-опера, что готов ехать и выступать. 5 июня 2011 года он находится в центре искусств префектуры Айчи, исполняет партию Родриго в опере Дж. Верди «Дон Карлос». Японцы благодарят музыкантов за то, что они привезли надежду на скорое возрождение культурной жизни страны, пострадавшей от цунами.',
        '5/10.06.2011', 52);
INSERT INTO public.spectacles (id, static_id, name, subject, country, city, place, address, description, year,
                               marker_id)
VALUES (81, NULL, 'Пермский государственный академический театр оперы и балета им. П. И. Чайковского',
        'Всероссийский конкурс вокалистов', 'Россия', 'Пермь', NULL, 'Сибирская ул., 11А, Пермь, Россия',
        'С третьего курса института Дмитрий Хворостовский начинает работать в Красноярском государственном театре оперы и балета. За пять лет он исполнил почти все ведущие баритональные партии. Следующая цель — вокальные конкурсы. В июле 1987 года Хворостовский побеждает на первом в своей жизни Всероссийском конкурсе вокалистов в Перми: становится Лауреатом I премии и награждается дипломом «За лучшее исполнение романсов С.И.Танеева». Вокальные миниатюры Сергея Танеева являются наивысшим достижением вокальной лирики начала ХХ века и технически очень сложны для вокалистов.',
        '20-29.06.1987', 63);
INSERT INTO public.spectacles (id, static_id, name, subject, country, city, place, address, description, year,
                               marker_id)
VALUES (8, NULL, 'Красноярский государственный театр оперы и балета', 'Дебют в партии Онегина', 'Россия', 'Красноярск',
        NULL, 'ул. Перенсона, 2, Красноярск, Красноярский край, 660049',
        'Яркое выступление Хворостовского в Красноярском театре оперы и балета в 1995-м году. Звучит одна из первых его крупных партий: Онегин в опере Чайковского. Позже он исполнит ее на сценах Венеции, Парижа и Лондона. Солистка Лариса Марзоева, игравшая Татьяну, навсегда запомнит Дмитрия как энергичного и вдохновенного партнера. Однажды во время репетиции она увидит у певца слезы на глазах. На вопрос о том, что случилось, он ответит: «Слушай, невероятно! Как, оказывается, можно спеть эту сцену!»',
        '07.06.1905', 101);
INSERT INTO public.spectacles (id, static_id, name, subject, country, city, place, address, description, year,
                               marker_id)
VALUES (47, NULL, 'Королевский театр Ковент-Гарден', 'Дебют с партией Риккардо в опере Беллини «Пуритане»',
        'Великобритания', 'Лондон', NULL, 'Королевский театр Ковент-Гарден. Bow St, London WC2E 9DD, Великобритания',
        'Королевский театр "Ковент-Гарден" в Лондоне — «второй дом» Хворостовского. Здесь в 1992 году он дебютирует с партией Риккардо в опере Винченцо Беллини «Пуритане», а через десять лет выступит в роли графа де Луна в премьере оперы «Трубадур» (Il Trovatore) в Лондонском Royal Opera House в постановке Элайджа Мошински совместно с Teatro Real Madrid. Постановка возобновлялась в Лондоне в 2004, 2007 и 2009 годах. Всего он выйдет на эту сцену 119 раз. Незадолго до своей смерти Дмитрий репетирует главную партию в «Риголетто». Премьера постановки в декабре 2017 года будет посвящена памяти Хворостовского, а на сцену вместо него выйдет греческий баритон Димитрий Платаниас.',
        '12-29.05.1992', 34);
INSERT INTO public.spectacles (id, static_id, name, subject, country, city, place, address, description, year,
                               marker_id)
VALUES (6, NULL, 'Красноярский государственный театр оперы и балета', 'Первая оперная партия', 'Россия', 'Красноярск',
        NULL, 'ул. Перенсона, 2, Красноярск, Красноярский край, 660049',
        'В середине декабря 1984 года температура в Красноярске упала до -39 градусов, но к Новому году «потеплело» до -14°C. 30 декабря зрители в Театре оперы и балета, сдав шубы в гардероб, ждут начала оперы «Риголетто». Они еще не знают, что совсем скоро станут свидетелями первой оперной партии 22-летнего студента 2 курса Дмитрия Хворостовского, и не придают этому никакого значения. В тот вечер он выйдет в небольшой роли Марулло, но очень быстро дорастет до ведущей партии трагического шута Риголетто.',
        '30.12.1984', 101);
INSERT INTO public.spectacles (id, static_id, name, subject, country, city, place, address, description, year,
                               marker_id)
VALUES (40, NULL, 'Сент-Дэвидс холл', 'IV Международный телевизионный конкурс вокалистов ВВС', 'Великобритания',
        'Кардифф', NULL, 'Сент-Дэвидс холл, Кардифф Великобритания, Уэльс, Кардифф, The Hayes',
        'В июне 1989 года Дмитрий Хворостовский участвует в IV Международном телевизионном конкурсе вокалистов ВВС и наутро просыпается всемирно знаменитым. Деньги на фрак, в котором конкурсант должен был выступать во II туре с симфоническим оркестром, Дмитрий занял у Ильи Ивари, концертмейстера Ирины Архиповой, аккомпанировавшего ему в первом туре в Кардиффе, пообещав вернуть долг из призовых. Свое обещание Хворостовский выполнил: получил титул «Певец мира» и призовой конверт. Там же, в Кардиффе, происходит судьбоносное знакомство с продюсером Марком Хилдрю, поступают десятки приглашений от ведущих театров Европы и Америки.',
        '11-17.06.1989', 27);
INSERT INTO public.spectacles (id, static_id, name, subject, country, city, place, address, description, year,
                               marker_id)
VALUES (2, NULL, 'Красноярская краевая филармония', 'Концерт памяти Евгения Лозинского', 'Россия', 'Красноярск', NULL,
        'пр. Мира, 2Б, Красноярск, Красноярский край, 660049',
        '9 июля 1997 года в возрасте 62 лет умирает Евгений Лозинский — выдающийся педагог, друг и наставник Хворостовского. 10 июля в Малом зале филармонии Дмитрий в сопровождении Михаила Аркадьева дает первый концерт из цикла, посвященного памяти своего учителя. Частью курса Лозинского «Основы музыкальной культуры» были вечера классической музыки именно в Малом зале. Студенты, включая юного Хворостовского, посещали вечера бесплатно, приобщаясь к высокому искусству.',
        '10.07.1997', 99);
INSERT INTO public.spectacles (id, static_id, name, subject, country, city, place, address, description, year,
                               marker_id)
VALUES (98, NULL, 'Центр искусств «Четыре сезона»', 'Trio Magnifico', 'Канада', 'Торонто', NULL,
        '145 Queen St W, Toronto, ON M5H 4G1, Канада',
        '25 апреля 2017 года Дмитрий принимает участие в гала-концерте, который проходил в Торонто. В этот день впервые вместе с ним на сцену выходят оперная дива Анна Нетребко и тенор Юсиф Эйвазов. Именно поэтому концерт называется «Trio Magnifico» («Великолепное трио»).',
        '25.04.2017', 80);
INSERT INTO public.spectacles (id, static_id, name, subject, country, city, place, address, description, year,
                               marker_id)
VALUES (113, NULL, 'Муниципальный театр', 'Концерт с Ольгой Бородиной', 'Бразилия', 'Рио-де-Жанейро', NULL,
        'Praça Floriano, S/N – Centro, Rio de Janeiro – RJ, 20031-050',
        'В 1997 году Дмитрий Хворостовский гастролирует по Южной Америке. Он дает концерты вместе с Ольгой Бородиной – оперной звездой мирового масштаба, с которой Дмитрий знаком еще с начала музыкальной карьеры: вместе певцы участвовали в XII Всесоюзном конкурсе исполнителей им. Глинки.',
        '08.09.1997', 95);
INSERT INTO public.spectacles (id, static_id, name, subject, country, city, place, address, description, year,
                               marker_id)
VALUES (78, NULL, 'Генеральное консульство Российской Федерации в Нью-Йорке', 'Концерт для сотрудников консульства',
        'США', 'Нью-Йорк', NULL, '9 E 91st St, New York, NY 10128, Соединенные Штаты',
        '1999 год, Нью-Йорк. Любимый Дмитрием зал Metropolitan Opera оккупирован премией MTV Music Awards, Рики Мартин уносит все главные награды. Хворостовский же впервые выступает в российском консульстве, знакомит местный истеблишмент с русской культурой. В 2008 году здесь же он будет петь с американской оперной певицей Рене Флеминг. Хворостовский — живой проводник русской культуры. В интервью The New York Times он говорит, что в русской музыке есть «всепроникающая задумчивость», «упрямство и дикость».',
        '1999', 60);
INSERT INTO public.spectacles (id, static_id, name, subject, country, city, place, address, description, year,
                               marker_id)
VALUES (35, NULL, 'Большой фестивальный зал', 'Зальцбургский фестиваль, партия Дон Жуана', 'Австрия', 'Зальцбург', NULL,
        'Большой фестивальный театр. Schwarzstraße 22, 5020 Salzburg, Австрия',
        'В августе 1999 года Дмитрий Хворостовский исполняет партию Дон Жуана в одноименной опере Вольфганга Амадея Моцарта в программе Зальцбургского фестиваля. «Каждый уважающий себя мужчина в душе Дон Жуан», – говорит он. Для Дмитрия Дон Жуан не просто великий любовник, а самый настоящий герой, вызывающий зависть и умирающий из-за этого. Последний раз Хворостовский исполнит партию Дон Жуана в январе 2004 года в Государственном оперном театре Гамбурга (Германия).',
        '1998, 1999, 2016', 22);
INSERT INTO public.spectacles (id, static_id, name, subject, country, city, place, address, description, year,
                               marker_id)
VALUES (65, NULL, 'Московский театр «Новая Опера» имени Е.В. Колобова', 'Награждение Орденом Сергия Радонежского',
        'Россия', 'Москва', NULL, 'ул. Каретный Ряд, 3 строение 2, Москва, 127006',
        'В 2014 году Дмитрий Хворостовский получает признание Русской православной церкви за заслуги в деле культурного просвещения народа и награждается орденом Преподобного Сергия Радонежского. Вручение проходит в рамках программы «Звезды мировой оперы», Хворостовский выступает с оркестром театра «Новая Опера» при участии Санкт-Петербургского коллектива народных инструментов «Стиль Пяти» ( дирижёр Константин Орбелян).',
        '16.07.2014', 100);
INSERT INTO public.spectacles (id, static_id, name, subject, country, city, place, address, description, year,
                               marker_id)
VALUES (108, NULL, 'Дэвид-Геффен Холл', 'Концерт с Лучано Паваротти', 'США', 'Нью-Йорк', NULL,
        'Richard Tucker Music Foundation, Suite 11A, 277 West End Avenue, New York, N.Y. 10023.',
        '11 ноября 1990 года, Нью-Йорк, Хворостовскому 28 лет, он стоит на одной сцене с Лучано Паваротти. Они поют дуэтом арию «Invano Alvaro» из оперы «Сила судьбы» Джузеппе Верди. Концерт организован Фондом имени Ричарда Такера, легендарного американского тенора. Среди участников — новые и лучшие голоса со всего мира. Много лет спустя Хворостовский будет вспоминать эти несколько часов как важное событие в своей жизни.',
        '11.11.1990', 90);
INSERT INTO public.spectacles (id, static_id, name, subject, country, city, place, address, description, year,
                               marker_id)
VALUES (10, NULL, 'Красноярский государственный театр оперы и балета', 'Опера «Фауст»', 'Россия', 'Красноярск', NULL,
        'ул. Перенсона, 2, Красноярск, Красноярский край, 660049',
        'В октябре 1996 года в Красноярске открывается фестиваль «Мастера оперы и балета России». Хворостовский дебютирует в партии Валентина в опере Шарля Гуно «Фауст». Роль небольшая, но выразительная. В свое время «Фауст» был самой популярной оперой мира, а в Ковент-Гарден она шла без перерыва с 1863 по 1911 год. В 1994-м году Дмитрий уже выходил с этой партией на сцену Метрополитен-опера, а сегодня — исполняет её на малой Родине.',
        '23.10.1996', 101);
INSERT INTO public.spectacles (id, static_id, name, subject, country, city, place, address, description, year,
                               marker_id)
VALUES (89, NULL, 'Константиновский Дворец в Стрельне', 'Благотворительное турне, посвященное 60-летию Победы',
        'Россия', 'Санкт-Петербург', NULL, 'Санкт-Петербург, Стрельна, ул. Глинки, д. 1.',
        'В июне 2005 года 43-летний Хворостовский участвует в масштабном концерте в Константиновском дворце — в рамках благотворительного турне, посвященного 60-летию Победы. Участвуют 250 музыкантов и артистов: Государственный академический камерный оркестр России (дирижёр Константин Орбелян), Санкт-Петербургский коллектив народных инструментов «Стиль Пяти», хор Академии хорового искусства России под управлением Виктора Попова и Всемирный детский хор ЮНЕСКО.',
        '13.06.2005', 71);
INSERT INTO public.spectacles (id, static_id, name, subject, country, city, place, address, description, year,
                               marker_id)
VALUES (99, NULL, 'Площадь возле Нидаросского собора.', 'Праздник Святого Олафа', 'Норвегия', 'Тронхейм', NULL,
        'Kongsgårdsgata 2, 7013 Trondheim, Норвегия',
        'Каждое лето жители и гости Тронхейма переодеваются в средневековую одежду и живут в стиле XI века, отмечая праздник в честь легендарного правителя Норвегии Святого Олафа. 29 июля 2008 года — в день почитания Святого Олафа — Дмитрий Хворостовский и Ивари Илья выступают на площади возле Нидаросского собора — места коронации норвежских монархов. Со стороны это выглядит как небольшое путешествие в прошлое с рыцарями на конях,только рыцарей можно снимать на мобильные телефоны.',
        '29.07.2008', 81);
INSERT INTO public.spectacles (id, static_id, name, subject, country, city, place, address, description, year,
                               marker_id)
VALUES (112, NULL, 'Концертный зал имени Ватрослава Лисинского', '«Lisinski Arioso»', 'Хорватия', 'Загреб', NULL,
        'Trg Stjepana Radića 4, 10000, Zagreb, Хорватия',
        'В мае 2016 года проходит концерт Дмитрия Хворостовского в рамках цикла «Lisinski Arioso» с Асмик Григоря и Каунасским симфоническим оркестром. Концерт состоялся в Концертном зале имени Ватрослава Лисинского – хорватского режиссёра, основоположника новой хорватской и южнославянской музыки.',
        '13.05.2016', 94);
INSERT INTO public.spectacles (id, static_id, name, subject, country, city, place, address, description, year,
                               marker_id)
VALUES (107, NULL, 'Российский государственный академический театр драмы им. Фёдора Волкова',
        'Роль Земнухова в опере «Молодая гвардия»', 'Россия', 'Ярославль', NULL,
        'пл. Волкова, 1, Ярославль, Ярославская обл., 150000',
        'Июль 1985 года: гастроли Красноярского театра оперы и балета в Ярославле. Хворостовскому всего 22 года, сообразно возрасту он играет роль Вани Земнухова в опере Юлия Мейтуса «Молодая гвардия». Музыкальный спектакль посещает Валерия Борц, одна из немногих выживших членов "Молодой гвардии". Её поражает не только глубина исполнения Хворостовского, но и его сходство с реальным Земнуховым.',
        '13.07.1985', 89);
INSERT INTO public.spectacles (id, static_id, name, subject, country, city, place, address, description, year,
                               marker_id)
VALUES (62, NULL, 'Музыкальный театр «Геликон-опера»', 'Открытие исторической сцены театра', 'Россия', 'Москва', NULL,
        'Большая Никитская ул., 19/16с1',
        'В октябре 2015 года Хворостовский выступает на открытии исторической сцены театра «Геликон-опера». С театром его уже связывают долгие отношения. Когда певец уйдет из жизни, в фойе «Геликон-опера» установят бронзовый бюст в память о великом артисте и откроют гримерную «Дмитрий Хворостовский». Открытие гримерки будет приуроченно к третьей годовщине премьеры спектакля «Демон».',
        '31.10.2015', 48);
INSERT INTO public.spectacles (id, static_id, name, subject, country, city, place, address, description, year,
                               marker_id)
VALUES (1, NULL, 'Красноярская краевая филармония', 'Концерт лауреатов Всесоюзного конкурса им. Глинки', 'Россия',
        'Красноярск', NULL, 'площадь Мира, 2Б, Красноярск, Россия',
        'В октябре 1987 года Дмитрию Хворостовскому присуждена первая премия Всесоюзного конкурса певцов имени М.И. Глинки. Вместе с другими лауреатами он отправляется в турне. В этом же году в Красноярском государственном театре оперы и балета ставят «Фауста» Шарля Гуно, где Хворостовский исполняет партию Валентина. Через три года Дмитрий даст прощальный бенефис в своем родном городе и начнет сольную карьеру на Западе. Такому активному карьерному взлету во многом поспособствовала заметившая артиста Ирина Архипова, легенда советской оперной сцены, которая не только организовала гастроли лауреатов конкурса в их родных городах, но и представила их на концертных площадках США.',
        '01.06.1905', 99);
INSERT INTO public.spectacles (id, static_id, name, subject, country, city, place, address, description, year,
                               marker_id)
VALUES (37, NULL, 'Театрон Иерусалим', 'Выступление на «Фестивале Израиля»', 'Израиль', 'Иерусалим', NULL,
        'David Marcus St 20, Jerusalem, Израиль',
        '1997 год, Хворостовский впервые выступает в Иерусалиме, на Международном фестивале Израиля. С ним давний партнер по сцене – пианист Михаил Аркадьев, о котором Хворостовский говорит: «У нас абсолютно идентичные взгляды на искусство и абсолютно, на мой взгляд, идеальный ансамбль». Для многих израильтян исполненные дуэтом сочинения Малера и Свиридова становятся одним из сильнейших музыкальных впечатлений в жизни. Через пару дней Хворостовский участвует в концерте в театре Иерусалима с Санкт-Петербургским камерным хором Н.Н. Корнева с программой духовной музыки. И третье выступление в Израиле состоялось в июле 2009 – концерт с Раананским симфоническим оркестром (дирижёр Ион Марин) в Амфитеатре Раананы в Тель-Авиве.',
        '1997', 24);
INSERT INTO public.spectacles (id, static_id, name, subject, country, city, place, address, description, year,
                               marker_id)
VALUES (42, NULL, 'Театр Киль', 'Музыкальный фестиваль Шлезвиг-Гольштейна', 'Германия', 'Киль', NULL,
        'Theater Kiel, Rathauspl. 4, 24103 Kiel, Германия',
        'Музыкальный фестиваль Шлезвиг-Гольштейна (МФШГ) — один из крупнейших фестивалей классической музыки в Европе. Каждый год организаторы МФШГ выбирали темы в зависмости от страны и ее традиционной музыки, но с 2013 года выбор стран был заменен выбором классического композитора и характерного современного музыканта. В августе 2008 года в Kiel Opera House Дмитрий Хворостовский выступает вместе с пианистом Ильей Ивари.',
        '01.08.2008', 29);
INSERT INTO public.spectacles (id, static_id, name, subject, country, city, place, address, description, year,
                               marker_id)
VALUES (103, NULL, 'Гранд Опера', 'Премьера оперы «Риголетто»', 'США', 'Хьюстон', NULL,
        '510 Preston St UNIT 1504, Houston, TX 77002, Соединенные Штаты',
        'В октябре-ноябре 2001 года в техасском городе Хьюстон Хворостовский восемь раз выходит на сцену Houston Grand Opera с партией Риголетто в одноименной опере Джузеппе Верди. Через 5 лет, осенью 2006 года Дмитрий дебютирует в Houston Grand Operа с партией Симона Бокканегры в одноимённой опере Дж. Верди, дирижёр – Патрик Саммерс.',
        '2001', 85);
INSERT INTO public.spectacles (id, static_id, name, subject, country, city, place, address, description, year,
                               marker_id)
VALUES (76, NULL, 'Отель «Плаза»', 'Премия Opera News Awards', 'США', 'Нью-Йорк', NULL,
        'Grand Ballroom, The Plaza (Отель «Плаза»), New York. Fifth Avenue at Central Park South New York, NY 10019',
        '29 Апреля 2012 года на церемонии вручения музыкальной премии Opera News Awards Дмитрий Хворостовский получает почётную награду от критиков за достижения в области оперного искусства. Церемония проходит в большом бальном зале отеля "Плаза" в Нью-Йорке.',
        '29.04.2012', 98);
INSERT INTO public.spectacles (id, static_id, name, subject, country, city, place, address, description, year,
                               marker_id)
VALUES (83, NULL, 'Театр Гионе', 'Гастроли в Италии', 'Италия', 'Рим', NULL, 'Via delle Fornaci, 00165 Roma RM, Италия',
        'Октябрь 1997 года Хворостовский прибывает в Рим, чтобы выступить на сцене Театра Гионе. Театр был назван в честь Франко Гионе (1886–1964) — знаменитого дирижера и скрипача, работавшего над оперой Верди «Травиата» с Марией Каллас. На репетиции перед концертом Хворостовский шутит, что сцена «косая». Пианист Михаил Аркадьев соглашается и добавляет «Вот такой театрик».',
        '15.10.1997', 65);
INSERT INTO public.spectacles (id, static_id, name, subject, country, city, place, address, description, year,
                               marker_id)
VALUES (4, NULL, 'Красноярский государственный институт искусств', 'Поступление на вокальный факультет', 'Россия',
        'Красноярск', NULL, 'ул. Ленина, 22, Красноярск, Красноярский край, 660020',
        'Приемные экзамены в Красноярский государственный институт искусств — настоящее испытание для Хворостовского в 1982-м году. Он хочет петь арию Ксеркса на итальянском, но разрешили только на русском. Это тяжело дается 19-летнему абитуриенту, но уже к третьей песне — народной «Ах ты, душечка» — Дмитрий «разгоняется» и показывает, на что способен. В свой класс его берет Екатерина Иофель, о сложном характере которой ходили легенды. Но именно она «раскрыла» его не как тенора, а как выдающегося баритона.',
        '04.06.1905', 1);
INSERT INTO public.spectacles (id, static_id, name, subject, country, city, place, address, description, year,
                               marker_id)
VALUES (102, NULL, 'Башкирский государственный театр оперы и балета',
        'Благотворительный концерт «Дмитрий Хворостовский и друзья – детям»', 'Россия', 'Уфа', NULL,
        'ул. Ленина, 5/1, Уфа',
        'В ноябре 2015 года Хворостовский приезжает в Уфу для участия в благотворительном концерте «Дмитрий Хворостовский и друзья – детям». В концерте принимает участие оперный певец Ильдар Абдразаков, коренной уфимец, Национальный симфонический оркестр Республики Башкортостан, дирижёр Константин Орбелян. Концерт собирает для тяжелобольных детей рекордные 37,5 миллионов. Сумма феноменальная: в два раза больше, чем годом ранее в Кремлевском дворце.',
        '18.11.2015', 84);
INSERT INTO public.spectacles (id, static_id, name, subject, country, city, place, address, description, year,
                               marker_id)
VALUES (96, NULL, 'Большой концертный зал Тбилисской филармонии', 'Благотворительный концерт в Тбилиси', 'Грузия',
        'Тбилиси', NULL, '1, 0179 Petre Melikishvili St, Tbilisi, Грузия',
        'В декабре 2010 года Хворостовский выступает в благотворительном концерте в Тбилиси в сопровождении симфонического оркестра Тбилисского театра оперы и балета им. Захария Палиашвили, дирижёр Заза Азмайпарашвили. В концерте приняли участие грузинские оперные звезды – Паата Бурчуладзе и сопрано Тамар Ивери. Организует событие благотворительный фонд «Колыбель», который оказывает помощь многодетным семьям. Хворостовский перенимает опыт грузинских коллег и спустя несколько лет создает свой благотворительный проект «Дмитрий Хворостовский и друзья – детям».',
        '04.12.2010', 78);
INSERT INTO public.spectacles (id, static_id, name, subject, country, city, place, address, description, year,
                               marker_id)
VALUES (93, NULL, 'Культурный центр Седжонг', 'Концерт с Суми Йо', 'Корея', 'Сеул', NULL,
        '175 Sejong-daero, Jongno-gu, Seoul, Республика Корея',
        'В мае 2009 года Хворостовский дает концерт «Хворостовский и друзья» в Сеуле, в ансамбле с Суми Йо. На родине певицы дуэт выступает уже второй раз. Суми является самой знаменитой оперной певицей из Юго-Восточной Азии, обладающей голосом колоратурное сопрано. Хворостовский настойчиво рекомендует ей обогатить свой репертуар русской музыкой и приглашает в Россию. Позже она прислушается к совету. В 2014 году певица приедет в Россию и даже побывает на малой родине Хворостовского. В Красноярске Суми Йо исполнит в том числе романсы Рахманинова. «Я всегда хотела посетить вашу страну, потому что Хворостовский с большой теплотой рассказывал мне о России».',
        '28/30.05.2009', 75);
INSERT INTO public.spectacles (id, static_id, name, subject, country, city, place, address, description, year,
                               marker_id)
VALUES (84, NULL, 'Крепость Олафсборг', 'Савонлиннский оперный фестиваль', 'Финляндия', 'Савонлинна', NULL,
        'Крепость Святого Олафа. 57130 Savonlinna, Финляндия',
        'В старинной крепости Олафсборг среди озёр Финляндии проходит Савонлиннский оперный фестиваль. Дмитрий Хворостовский впервые сюда приезжает в июле 1998 года. В рамках фестиваля он исполняет партию Франческо в опере Джузеппе Верди «Разбойники» театра "Ковент-Гарден". В последующем, в июле 2001 и 2002 года, Хворостовский снова посетит Финляндию – состоится гастрольный тур театра «Новая Опера» (Москва). Дмитрий выступит с партией «Риголетто» в одноименной опере Дж. Верди в 2001 году с дирижёром Евгением Колобовым, в 2002 году – с дирижёром Альберто Холд-Гарридо (Alberto Hold-Garrido).',
        '1998, 2001, 2002', 66);
INSERT INTO public.spectacles (id, static_id, name, subject, country, city, place, address, description, year,
                               marker_id)
VALUES (57, NULL, 'Монреальский симфонический дом', '200-летие со дня рождения А.С. Пушкина', 'Канада', 'Монреаль',
        NULL, '1600 Rue Saint-Urbain, Montréal, QC H2X 0S1, Канада',
        'Летом 1999 года весь мир отмечает 200-летие Александра Сергеевича Пушкина (1999 год объявлен ЮНЕСКО годом А.С. Пушкина). 5 июня, накануне дня рождения поэта, Хворостовский дает концерт в La Maison Symphonique в Монреале. В 1997 году президент России Борис Ельцин своим указом установил Пушкинский день России и поручил отмечать его ежегодно 6 июня. В репертуаре певца немало романсов, написанных на слова поэта. Особенной популярностью среди поклонников пользуется романс М.И. Глинки «Я помню чудное мгновенье».',
        '05.05.1999', 44);
INSERT INTO public.spectacles (id, static_id, name, subject, country, city, place, address, description, year,
                               marker_id)
VALUES (82, NULL, 'Концертный зал Хасколабио', 'Концерт в рамках АРТ фестиваля', 'Исландия', 'Рейкьявик', NULL,
        '42RV+3XX, Vesturbær University of Iceland, Reykjavík, Исландия',
        'Продажи билетов на майское выступление Хворостовского в Концертном зале Хасколабио в Рейкьявике в рамках АРТ- фестиваля стартуют за полгода, «чуть раньше обычного», – отмечают организаторы. В фестивале участвует и Брин Терфель. В 1989 году в Кардиффе Дмитрий обошел Брина в конкурсе ВВС «Певец мира». Оба певца опираются на «родной» материал: Хворостовский – на Чайковского и Мусоргского; Терфель — на шотландские, ирландские и уэльские песни. Дмитрий выступает 20 мая 2007 года, Терфель – 21 мая.',
        '20.05.2007', 64);
INSERT INTO public.spectacles (id, static_id, name, subject, country, city, place, address, description, year,
                               marker_id)
VALUES (73, NULL, 'Театр Фриско', 'Дебют в партии Андрея Болконского', 'США', 'Даллас', NULL,
        '8004 Dallas Pkwy Suite 200, Frisco, TX 75034, Соединенные Штаты',
        'В 1991 году в театре Фриско в пригороде Далласа Дмитрий Хворостовский дебютирует в партии Андрея Болконского в опере Сергея Прокофьева «Война и мир». Через 10 лет, в 2002-м году, Хвороствоский исполнил партию Болконского в Metropolitan Opera в Нью-Йорке в постановке Андрея Кончаловского, дирижёр Валерий Гергиев.',
        '1991', 57);
INSERT INTO public.spectacles (id, static_id, name, subject, country, city, place, address, description, year,
                               marker_id)
VALUES (95, NULL, 'Церковь Святого Павла', 'Концерт с Московским симфоническим оркестром, дирижёр Константин Орбелян',
        'Франция', 'Страсбург', NULL, '1 Pl. du Général Eisenhower, 67000 Strasbourg, Франция',
        'В июле 2002 года Хворостовский выступает в Церкви Святого Павла в Страсбурге. Неоготический храм служит концертной площадкой для Государственного академического камерного оркестра России под управлением номинанта на премию Грэмми Константина Орбеляна при участии Санкт-Петербургского коллектива народных инструментов «Стиль Пяти».  Совместно они запишут несколько альбомов, в которые войдут русские романсы и песни военных лет: «I Met You, My Love – Old Russian Romances» (Delos Records) – «Я встретил вас – старинные русские романсы»; «Where Are You My Brothers?» (Delos Productions) – «Где же вы теперь, друзья-однополчане?» (песни военных лет); «Moscow Nights» (Delos Productions) – «Подмосковные вечера» (песни советских композиторов); «Wait for Me» (Delos) – «Жди меня» и другие.',
        '21.07.2002', 77);
INSERT INTO public.spectacles (id, static_id, name, subject, country, city, place, address, description, year,
                               marker_id)
VALUES (69, NULL, 'Центр исполнительских искусств в префектуре Хиого', 'Гастрольный тур Metropolitan Opera по Японии',
        'Япония', 'Нисиномия', NULL, '2-22 Takamatsucho, Nishinomiya, Hyogo 663-8204, Япония',
        'В 1995 году от сильного землетрясения пострадал японский город Нисиномия. После 10 лет восстановительных работ здесь открывается Центр исполнительских искусств в память о том самом землятресении. Площадка быстро становится одной из самых заметных в Японии и в мире. В июне 2006 года в Центре искусств проходят гастроли американского Metropolitan Opera. Итальянская опера Джузеппе Верди «Травиата», в роли Жоржа Жермона – русский баритон Дмитрий Хворостовский.',
        '10/14.06.2006', 53);
INSERT INTO public.spectacles (id, static_id, name, subject, country, city, place, address, description, year,
                               marker_id)
VALUES (77, NULL, 'Metropolitan Opera', 'Дебют с оперой «Пиковая дама» (партия Елецкого)', 'США', 'Нью-Йорк', NULL,
        '50 Lincoln Center Plaza # 150, New York, NY 10023, Соединенные Штаты',
        'Metropolitan Opera занимает почетное первое место по частоте выступлений Хворостовского. На этой сцене он выступил около 180 раз. В 1995-м Дмитрий дебютировал в опере «Пиковая дама» Чайковского (партия Елецкого), в 2002-м – в опере «Война и мир» Прокофьева (партия Болконского), в 2006-м – в опере «Евгений Онегин» Чайковского (партия Онегина), в 2004-м и 2012-м – в «Травиате» Дж. Верди (партия Жермона) , в 2013-м и 2015-м – в опере «Трубадур» Дж.Верди (партия Графа ди Луна).',
        '1995, октябрь', 59);
INSERT INTO public.spectacles (id, static_id, name, subject, country, city, place, address, description, year,
                               marker_id)
VALUES (43, NULL, 'Театр Синьорелли', 'Фестиваль «Тосканское солнце»', 'Италия', 'Кортон в Тоскане', NULL,
        'Piazza Luca Signorelli, 16, 52044 Cortona AR, Италия',
        'В августе 2005 года Хворостовский приезжает в Кортону для участия в концерте в рамках фестиваля «Тосканское солнце». Это еще совсем молодое событие — в 2003 году его основали выпускница Московской консерватории виолончелистка Нина Котова и писательница Фрэнсис Мэйс, автор бестселлера «Под солнцем Тосканы». Хворостовский приедет в Кортону еще раз в 2006 году, выступая с китайским пианистом Лан Ланом.',
        '12.08.2005', 30);
INSERT INTO public.spectacles (id, static_id, name, subject, country, city, place, address, description, year,
                               marker_id)
VALUES (104, NULL, 'Цюрихский оперный театр', 'Сольный концерт совместно с Ивари Ильей', 'Швейцария', 'Цюрих', NULL,
        'Sechseläutenpl. 1, 8008 Zürich, Швейцария',
        '27 февраля 2014 года Дмитрий Хворостовский дает сольный концерт в Цюрихском оперном театре. В программу вошли произведения российских и западноевропейских композиторов. До этого певец был в этой стране летом 2004 года, выступал в опере Чайковского «Евгений Онегин» (партия Онегина). Следующим городом, где пройдут его выступления, станет Брюссель (Бельгия).',
        '27.02.2014', 86);
INSERT INTO public.spectacles (id, static_id, name, subject, country, city, place, address, description, year,
                               marker_id)
VALUES (55, NULL, 'Зал камерной музыки Белорусской государственной филармонии', 'Дебютный сольный концерт в Минске',
        'Белоруссия', 'Минск', NULL, 'Октябрьская площадь, 1, Минск, Белоруссия',
        'Там, где 2 месяца назад Хворостовский выступал как лауреат конкурса имени Глинки, теперь проходит его сольный концерт. В книге воспоминаний пианиста Владимира Шелихина «Сердце помнит» упомянута встреча певца с президентом республики Станиславом Шушкевичем после концерта. Когда Дмитрий спросил, ощущается ли в его речи акцент, глава государства шутливо сказал: «В разговоре — нет, а вот в мыслях слегка заметен».',
        '14.10.1988', 42);
INSERT INTO public.spectacles (id, static_id, name, subject, country, city, place, address, description, year,
                               marker_id)
VALUES (16, NULL, 'Отель Дворца Эмирейтс', 'Дебют в Арабских Эмиратах', 'ОАЭ', 'Абу-Даби', NULL,
        'Palace – Al Sufouh Rd – Al Ras Al Akhdar – Dubai – ОАЭ',
        'Хворостовский выступает в Арабских Эмиратах в рамках Восьмого международого оперного фестиваля в апреле 2011 года. Концерт «Дмитрий Хворостовский и друзья» с участием Екатерины Сюриной и Русского Национального оркестра, дирижер – итальянец Никола Луизотти. Павильон спроектирован Захой Хадид. Концерт собирает полный зал, в числе зрителей – члены королевской семьи. Фестиваль под патронажем Шейха Мохаммеда бин Заеда Аль-Нахьяна, наследного принца Абу-Даби. До выступления Хворостовский беспокоится: чего ожидать от незнакомой публики? И напрасно! Зал «на ура» принимает и Верди, и Моцарта, и Россини.',
        '04.04.2011', 4);
INSERT INTO public.spectacles (id, static_id, name, subject, country, city, place, address, description, year,
                               marker_id)
VALUES (17, NULL, 'Фестивальный дворец Дом- опера', 'Дебют в опере Верди «Разбойники»', 'Германия', 'Баден-Баден', NULL,
        'Beim Alten Bahnhof 2, 76530 Baden-Baden, Germany',
        'В июне 1998-го года 25-летний Хворостовский дебютирует в опере Верди «Разбойники», исполняет роль Франческо. Это премьерная постановка Королевского оперного театра "Ковент-Гарден", но играть ее приходится не в Лондоне, а в немецком Баден-Бадене (сцена "Ковент-Гардена" на реконструкции). Критики отмечают не только элегантность режиссуры, но и мастерство Хворостовского — его злодей Франческо приковывает взгляды даже весьма искушенной публики.',
        '1998, июнь (8/ 11/ 13)', 5);
INSERT INTO public.spectacles (id, static_id, name, subject, country, city, place, address, description, year,
                               marker_id)
VALUES (22, NULL, 'Театр Ронахер', 'Награда «Золотой Папагено»', 'Австрия', 'Вена', NULL,
        'Seilerstätte 9, 1010 Wien, Австрия',
        '27 июня 2016 года в театре Ронахер в Вене на церемонии вручения Австрийской музыкальной театральной премиии Дмитрий Хворостовский получает награду «Золотой Папагено». «Ты – потрясающий певец, певец международного масштаба, удивительный человек», – сказал, обращаясь к российскому певцу, один из основателей премии, австрийский баритон Даниэль Серафин.',
        '27.06.2016', 10);
INSERT INTO public.spectacles (id, static_id, name, subject, country, city, place, address, description, year,
                               marker_id)
VALUES (116, NULL, 'Оперный и балетный театр «Арчимбольди» в Милане', 'Последнее участие в «Пиковой даме»', 'Италия',
        'Милан', NULL, 'Viale dell''Innovazione, 20', 'Дебют Хворостовского в партии князя Елецкого в опере П.И. Чайковского «Пиковая дама» состоялся ещё в далеком 1985 году на сцене Красноярского театра оперы 
 и балета. Потом он будет исполнять эту партию на сцене «Метрополитен Опера», Королевского театра «Ковент-Гарден», театра «Ла Скала», концертного зала «Карнеги-холл» и в других залах мира. В марте 2005 года на сцене оперного 
 и балетного театра «Арчимбольди» партия будет исполнена Хворостовским 
 в последний раз.', '2005', 116);



INSERT INTO public.audios (id, url, spectacle_id, name, type, duration)
VALUES (10009, 'https://storage.yandexcloud.net/hv-bucket/audios/9.mp3', 10009, 'У подъезда
', 'audio/mpeg', 257);
INSERT INTO public.audios (id, url, spectacle_id, name, type, duration)
VALUES (10031, 'https://storage.yandexcloud.net/hv-bucket/audios/31.mp3', 10031, 'Дрожь
', 'audio/mpeg', 196);
INSERT INTO public.audios (id, url, spectacle_id, name, type, duration)
VALUES (10021, 'https://storage.yandexcloud.net/hv-bucket/audios/21.mp3', 10021, 'Профессор Май
', 'audio/mpeg', 147);
INSERT INTO public.audios (id, url, spectacle_id, name, type, duration)
VALUES (10004, 'https://storage.yandexcloud.net/hv-bucket/audios/4.mp3', 10004, 'Увертюра II
', 'audio/mpeg', 414);
INSERT INTO public.audios (id, url, spectacle_id, name, type, duration)
VALUES (10002, 'https://storage.yandexcloud.net/hv-bucket/audios/2.mp3', 10002, 'Остановка
', 'audio/mpeg', 164);
INSERT INTO public.audios (id, url, spectacle_id, name, type, duration)
VALUES (10012, 'https://storage.yandexcloud.net/hv-bucket/audios/12.mp3', 10012, 'Погреба
', 'audio/mpeg', 196);
INSERT INTO public.audios (id, url, spectacle_id, name, type, duration)
VALUES (10014, 'https://storage.yandexcloud.net/hv-bucket/audios/14.mp3', 10014, 'Станция Злобино
', 'audio/mpeg', 240);
INSERT INTO public.audios (id, url, spectacle_id, name, type, duration)
VALUES (10020, 'https://storage.yandexcloud.net/hv-bucket/audios/20.mp3', 10020, 'Идеальные люди
', 'audio/mpeg', 250);
INSERT INTO public.audios (id, url, spectacle_id, name, type, duration)
VALUES (10013, 'https://storage.yandexcloud.net/hv-bucket/audios/13.mp3', 10013, 'Ярмарка Кировского района
', 'audio/mpeg', 145);
INSERT INTO public.audios (id, url, spectacle_id, name, type, duration)
VALUES (10025, 'https://storage.yandexcloud.net/hv-bucket/audios/25.mp3', 10025, 'Фонарь вечности
', 'audio/mpeg', 314);
INSERT INTO public.audios (id, url, spectacle_id, name, type, duration)
VALUES (10035, 'https://storage.yandexcloud.net/hv-bucket/audios/35.mp3', 10035, 'Что было дальше
', 'audio/mpeg', 5);
INSERT INTO public.audios (id, url, spectacle_id, name, type, duration)
VALUES (10033, 'https://storage.yandexcloud.net/hv-bucket/audios/33.mp3', 10033, 'Внутренняя музыка
', 'audio/mpeg', 120);
INSERT INTO public.audios (id, url, spectacle_id, name, type, duration)
VALUES (10015, 'https://storage.yandexcloud.net/hv-bucket/audios/15.mp3', 10015, 'Синие горы [AR]
', 'audio/mpeg', 162);
INSERT INTO public.audios (id, url, spectacle_id, name, type, duration)
VALUES (10017, 'https://storage.yandexcloud.net/hv-bucket/audios/17.mp3', 10017, 'Эйфелева башня
', 'audio/mpeg', 150);
INSERT INTO public.audios (id, url, spectacle_id, name, type, duration)
VALUES (10029, 'https://storage.yandexcloud.net/hv-bucket/audios/29.mp3', 10029, 'Двор
', 'audio/mpeg', 190);
INSERT INTO public.audios (id, url, spectacle_id, name, type, duration)
VALUES (10030, 'https://storage.yandexcloud.net/hv-bucket/audios/30.mp3', 10030, 'Родина слышит
', 'audio/mpeg', 210);
INSERT INTO public.audios (id, url, spectacle_id, name, type, duration)
VALUES (10005, 'https://storage.yandexcloud.net/hv-bucket/audios/5.mp3', 10005, 'Увертюра III
', 'audio/mpeg', 341);
INSERT INTO public.audios (id, url, spectacle_id, name, type, duration)
VALUES (10038, 'https://storage.yandexcloud.net/hv-bucket/audios/38.mp3', 10038, 'Что это было', 'audio/mpeg', 1218);
INSERT INTO public.audios (id, url, spectacle_id, name, type, duration)
VALUES (10036, 'https://storage.yandexcloud.net/hv-bucket/audios/36.mp3', 10036, 'Синтезатор Юность
', 'audio/mpeg', 182);
INSERT INTO public.audios (id, url, spectacle_id, name, type, duration)
VALUES (10022, 'https://storage.yandexcloud.net/hv-bucket/audios/22.mp3', 10022, 'Реалбаза
', 'audio/mpeg', 98);
INSERT INTO public.audios (id, url, spectacle_id, name, type, duration)
VALUES (10032, 'https://storage.yandexcloud.net/hv-bucket/audios/32.mp3', 10032, 'Пятиэтажки
', 'audio/mpeg', 116);
INSERT INTO public.audios (id, url, spectacle_id, name, type, duration)
VALUES (10008, 'https://storage.yandexcloud.net/hv-bucket/audios/8.mp3', 10008, 'Острожно: детство
', 'audio/mpeg', 81);
INSERT INTO public.audios (id, url, spectacle_id, name, type, duration)
VALUES (10019, 'https://storage.yandexcloud.net/hv-bucket/audios/19.mp3', 10019, 'Ночи безумные [AR]
', 'audio/mpeg', 160);
INSERT INTO public.audios (id, url, spectacle_id, name, type, duration)
VALUES (10028, 'https://storage.yandexcloud.net/hv-bucket/audios/28.mp3', 10028, 'Футбол
', 'audio/mpeg', 108);
INSERT INTO public.audios (id, url, spectacle_id, name, type, duration)
VALUES (10018, 'https://storage.yandexcloud.net/hv-bucket/audios/18.mp3', 10018, 'Аэрокосмический колледж
', 'audio/mpeg', 90);
INSERT INTO public.audios (id, url, spectacle_id, name, type, duration)
VALUES (10026, 'https://storage.yandexcloud.net/hv-bucket/audios/26.mp3', 10026, 'Антракт
', 'audio/mpeg', 807);
INSERT INTO public.audios (id, url, spectacle_id, name, type, duration)
VALUES (10007, 'https://storage.yandexcloud.net/hv-bucket/audios/7.mp3', 10007, 'Переход
', 'audio/mpeg', 284);
INSERT INTO public.audios (id, url, spectacle_id, name, type, duration)
VALUES (10010, 'https://storage.yandexcloud.net/hv-bucket/audios/10.mp3', 10010, 'Ухожу
', 'audio/mpeg', 222);
INSERT INTO public.audios (id, url, spectacle_id, name, type, duration)
VALUES (10016, 'https://storage.yandexcloud.net/hv-bucket/audios/16.mp3', 10016, 'Никогда я домой не вернусь
', 'audio/mpeg', 96);
INSERT INTO public.audios (id, url, spectacle_id, name, type, duration)
VALUES (10034, 'https://storage.yandexcloud.net/hv-bucket/audios/34.mp3', 10034, 'Крещендо
', 'audio/mpeg', 213);
INSERT INTO public.audios (id, url, spectacle_id, name, type, duration)
VALUES (10037, 'https://storage.yandexcloud.net/hv-bucket/audios/37.mp3', 10037, 'Эй, ты
', 'audio/mpeg', 252);
INSERT INTO public.audios (id, url, spectacle_id, name, type, duration)
VALUES (10011, 'https://storage.yandexcloud.net/hv-bucket/audios/11.mp3', 10011, 'Гаражи
', 'audio/mpeg', 353);
INSERT INTO public.audios (id, url, spectacle_id, name, type, duration)
VALUES (10027, 'https://storage.yandexcloud.net/hv-bucket/audios/27.mp3', 10027, 'Школа
', 'audio/mpeg', 83);
INSERT INTO public.audios (id, url, spectacle_id, name, type, duration)
VALUES (10003, 'https://storage.yandexcloud.net/hv-bucket/audios/3.mp3', 10003, 'Увертюра I
', 'audio/mpeg', 329);
INSERT INTO public.audios (id, url, spectacle_id, name, type, duration)
VALUES (10001, 'https://storage.yandexcloud.net/hv-bucket/audios/1.mp3', 10001, 'Театр оперы и балета
', 'audio/mpeg', 100);
INSERT INTO public.audios (id, url, spectacle_id, name, type, duration)
VALUES (10006, 'https://storage.yandexcloud.net/hv-bucket/audios/6.mp3', 10006, 'Остановка «Улица Пионерской правды»
', 'audio/mpeg', 64);
INSERT INTO public.audios (id, url, spectacle_id, name, type, duration)
VALUES (10023, 'https://storage.yandexcloud.net/hv-bucket/audios/23.mp3', 10023, 'Выйди или умри
', 'audio/mpeg', 108);
INSERT INTO public.audios (id, url, spectacle_id, name, type, duration)
VALUES (10024, 'https://storage.yandexcloud.net/hv-bucket/audios/24.mp3', 10024, 'Домой?
', 'audio/mpeg', 62);


INSERT INTO public.photos (id, url, spectacle_id)
VALUES (1, 'https://storage.yandexcloud.net/hv-bucket/photos/001.jpeg', 1);
INSERT INTO public.photos (id, url, spectacle_id)
VALUES (2, 'https://storage.yandexcloud.net/hv-bucket/photos/002.jpeg', 2);
INSERT INTO public.photos (id, url, spectacle_id)
VALUES (3, 'https://storage.yandexcloud.net/hv-bucket/photos/003.jpeg', 3);
INSERT INTO public.photos (id, url, spectacle_id)
VALUES (4, 'https://storage.yandexcloud.net/hv-bucket/photos/004.jpeg', 4);
INSERT INTO public.photos (id, url, spectacle_id)
VALUES (5, 'https://storage.yandexcloud.net/hv-bucket/photos/005.jpeg', 5);
INSERT INTO public.photos (id, url, spectacle_id)
VALUES (6, 'https://storage.yandexcloud.net/hv-bucket/photos/006.jpeg', 6);
INSERT INTO public.photos (id, url, spectacle_id)
VALUES (7, 'https://storage.yandexcloud.net/hv-bucket/photos/007.jpeg', 7);
INSERT INTO public.photos (id, url, spectacle_id)
VALUES (8, 'https://storage.yandexcloud.net/hv-bucket/photos/008.jpeg', 8);
INSERT INTO public.photos (id, url, spectacle_id)
VALUES (9, 'https://storage.yandexcloud.net/hv-bucket/photos/009.jpeg', 9);
INSERT INTO public.photos (id, url, spectacle_id)
VALUES (10, 'https://storage.yandexcloud.net/hv-bucket/photos/010.jpeg', 10);
INSERT INTO public.photos (id, url, spectacle_id)
VALUES (11, 'https://storage.yandexcloud.net/hv-bucket/photos/011.jpeg', 11);
INSERT INTO public.photos (id, url, spectacle_id)
VALUES (12, 'https://storage.yandexcloud.net/hv-bucket/photos/012.jpeg', 12);
INSERT INTO public.photos (id, url, spectacle_id)
VALUES (13, 'https://storage.yandexcloud.net/hv-bucket/photos/013.jpeg', 13);
INSERT INTO public.photos (id, url, spectacle_id)
VALUES (14, 'https://storage.yandexcloud.net/hv-bucket/photos/014.jpeg', 14);
INSERT INTO public.photos (id, url, spectacle_id)
VALUES (15, 'https://storage.yandexcloud.net/hv-bucket/photos/015.jpeg', 15);
INSERT INTO public.photos (id, url, spectacle_id)
VALUES (16, 'https://storage.yandexcloud.net/hv-bucket/photos/016.jpeg', 16);
INSERT INTO public.photos (id, url, spectacle_id)
VALUES (17, 'https://storage.yandexcloud.net/hv-bucket/photos/017.jpeg', 17);
INSERT INTO public.photos (id, url, spectacle_id)
VALUES (18, 'https://storage.yandexcloud.net/hv-bucket/photos/018.jpeg', 18);
INSERT INTO public.photos (id, url, spectacle_id)
VALUES (19, 'https://storage.yandexcloud.net/hv-bucket/photos/019.jpeg', 19);
INSERT INTO public.photos (id, url, spectacle_id)
VALUES (20, 'https://storage.yandexcloud.net/hv-bucket/photos/020.jpeg', 20);
INSERT INTO public.photos (id, url, spectacle_id)
VALUES (21, 'https://storage.yandexcloud.net/hv-bucket/photos/021.jpeg', 21);
INSERT INTO public.photos (id, url, spectacle_id)
VALUES (22, 'https://storage.yandexcloud.net/hv-bucket/photos/022.jpeg', 22);
INSERT INTO public.photos (id, url, spectacle_id)
VALUES (23, 'https://storage.yandexcloud.net/hv-bucket/photos/023.jpeg', 23);
INSERT INTO public.photos (id, url, spectacle_id)
VALUES (24, 'https://storage.yandexcloud.net/hv-bucket/photos/024.jpeg', 24);
INSERT INTO public.photos (id, url, spectacle_id)
VALUES (25, 'https://storage.yandexcloud.net/hv-bucket/photos/025.jpeg', 25);
INSERT INTO public.photos (id, url, spectacle_id)
VALUES (26, 'https://storage.yandexcloud.net/hv-bucket/photos/026.jpeg', 26);
INSERT INTO public.photos (id, url, spectacle_id)
VALUES (27, 'https://storage.yandexcloud.net/hv-bucket/photos/027.jpeg', 27);
INSERT INTO public.photos (id, url, spectacle_id)
VALUES (29, 'https://storage.yandexcloud.net/hv-bucket/photos/029.jpeg', 29);
INSERT INTO public.photos (id, url, spectacle_id)
VALUES (30, 'https://storage.yandexcloud.net/hv-bucket/photos/030.jpeg', 30);
INSERT INTO public.photos (id, url, spectacle_id)
VALUES (31, 'https://storage.yandexcloud.net/hv-bucket/photos/031.jpeg', 31);
INSERT INTO public.photos (id, url, spectacle_id)
VALUES (32, 'https://storage.yandexcloud.net/hv-bucket/photos/032.jpeg', 32);
INSERT INTO public.photos (id, url, spectacle_id)
VALUES (33, 'https://storage.yandexcloud.net/hv-bucket/photos/033.jpeg', 33);
INSERT INTO public.photos (id, url, spectacle_id)
VALUES (34, 'https://storage.yandexcloud.net/hv-bucket/photos/034.jpeg', 34);
INSERT INTO public.photos (id, url, spectacle_id)
VALUES (35, 'https://storage.yandexcloud.net/hv-bucket/photos/035.jpeg', 35);
INSERT INTO public.photos (id, url, spectacle_id)
VALUES (36, 'https://storage.yandexcloud.net/hv-bucket/photos/036.jpeg', 36);
INSERT INTO public.photos (id, url, spectacle_id)
VALUES (37, 'https://storage.yandexcloud.net/hv-bucket/photos/037.jpeg', 37);
INSERT INTO public.photos (id, url, spectacle_id)
VALUES (38, 'https://storage.yandexcloud.net/hv-bucket/photos/038.jpeg', 38);
INSERT INTO public.photos (id, url, spectacle_id)
VALUES (39, 'https://storage.yandexcloud.net/hv-bucket/photos/039.jpeg', 39);
INSERT INTO public.photos (id, url, spectacle_id)
VALUES (40, 'https://storage.yandexcloud.net/hv-bucket/photos/040.jpeg', 40);
INSERT INTO public.photos (id, url, spectacle_id)
VALUES (41, 'https://storage.yandexcloud.net/hv-bucket/photos/041.jpeg', 41);
INSERT INTO public.photos (id, url, spectacle_id)
VALUES (42, 'https://storage.yandexcloud.net/hv-bucket/photos/042.jpeg', 42);
INSERT INTO public.photos (id, url, spectacle_id)
VALUES (43, 'https://storage.yandexcloud.net/hv-bucket/photos/043.jpeg', 43);
INSERT INTO public.photos (id, url, spectacle_id)
VALUES (44, 'https://storage.yandexcloud.net/hv-bucket/photos/044.jpeg', 44);
INSERT INTO public.photos (id, url, spectacle_id)
VALUES (45, 'https://storage.yandexcloud.net/hv-bucket/photos/045.jpeg', 45);
INSERT INTO public.photos (id, url, spectacle_id)
VALUES (46, 'https://storage.yandexcloud.net/hv-bucket/photos/046.jpeg', 46);
INSERT INTO public.photos (id, url, spectacle_id)
VALUES (47, 'https://storage.yandexcloud.net/hv-bucket/photos/047.jpeg', 47);
INSERT INTO public.photos (id, url, spectacle_id)
VALUES (48, 'https://storage.yandexcloud.net/hv-bucket/photos/048.jpeg', 48);
INSERT INTO public.photos (id, url, spectacle_id)
VALUES (49, 'https://storage.yandexcloud.net/hv-bucket/photos/049.jpeg', 49);
INSERT INTO public.photos (id, url, spectacle_id)
VALUES (50, 'https://storage.yandexcloud.net/hv-bucket/photos/050.jpeg', 50);
INSERT INTO public.photos (id, url, spectacle_id)
VALUES (51, 'https://storage.yandexcloud.net/hv-bucket/photos/051.jpeg', 51);
INSERT INTO public.photos (id, url, spectacle_id)
VALUES (52, 'https://storage.yandexcloud.net/hv-bucket/photos/052.jpeg', 52);
INSERT INTO public.photos (id, url, spectacle_id)
VALUES (53, 'https://storage.yandexcloud.net/hv-bucket/photos/053.jpeg', 53);
INSERT INTO public.photos (id, url, spectacle_id)
VALUES (54, 'https://storage.yandexcloud.net/hv-bucket/photos/054.jpeg', 54);
INSERT INTO public.photos (id, url, spectacle_id)
VALUES (55, 'https://storage.yandexcloud.net/hv-bucket/photos/055.jpeg', 55);
INSERT INTO public.photos (id, url, spectacle_id)
VALUES (57, 'https://storage.yandexcloud.net/hv-bucket/photos/057.jpeg', 57);
INSERT INTO public.photos (id, url, spectacle_id)
VALUES (58, 'https://storage.yandexcloud.net/hv-bucket/photos/058.jpeg', 58);
INSERT INTO public.photos (id, url, spectacle_id)
VALUES (59, 'https://storage.yandexcloud.net/hv-bucket/photos/059.jpeg', 59);
INSERT INTO public.photos (id, url, spectacle_id)
VALUES (60, 'https://storage.yandexcloud.net/hv-bucket/photos/060.jpeg', 60);
INSERT INTO public.photos (id, url, spectacle_id)
VALUES (61, 'https://storage.yandexcloud.net/hv-bucket/photos/061.jpeg', 61);
INSERT INTO public.photos (id, url, spectacle_id)
VALUES (62, 'https://storage.yandexcloud.net/hv-bucket/photos/062.jpeg', 62);
INSERT INTO public.photos (id, url, spectacle_id)
VALUES (63, 'https://storage.yandexcloud.net/hv-bucket/photos/063.jpeg', 63);
INSERT INTO public.photos (id, url, spectacle_id)
VALUES (64, 'https://storage.yandexcloud.net/hv-bucket/photos/064.jpeg', 64);
INSERT INTO public.photos (id, url, spectacle_id)
VALUES (65, 'https://storage.yandexcloud.net/hv-bucket/photos/065.jpeg', 65);
INSERT INTO public.photos (id, url, spectacle_id)
VALUES (66, 'https://storage.yandexcloud.net/hv-bucket/photos/066.jpeg', 66);
INSERT INTO public.photos (id, url, spectacle_id)
VALUES (67, 'https://storage.yandexcloud.net/hv-bucket/photos/067.jpeg', 67);
INSERT INTO public.photos (id, url, spectacle_id)
VALUES (68, 'https://storage.yandexcloud.net/hv-bucket/photos/068.jpeg', 68);
INSERT INTO public.photos (id, url, spectacle_id)
VALUES (69, 'https://storage.yandexcloud.net/hv-bucket/photos/069.jpeg', 69);
INSERT INTO public.photos (id, url, spectacle_id)
VALUES (70, 'https://storage.yandexcloud.net/hv-bucket/photos/070.jpeg', 70);
INSERT INTO public.photos (id, url, spectacle_id)
VALUES (71, 'https://storage.yandexcloud.net/hv-bucket/photos/071.jpeg', 71);
INSERT INTO public.photos (id, url, spectacle_id)
VALUES (72, 'https://storage.yandexcloud.net/hv-bucket/photos/072.jpeg', 72);
INSERT INTO public.photos (id, url, spectacle_id)
VALUES (73, 'https://storage.yandexcloud.net/hv-bucket/photos/073.jpeg', 73);
INSERT INTO public.photos (id, url, spectacle_id)
VALUES (74, 'https://storage.yandexcloud.net/hv-bucket/photos/074.jpeg', 74);
INSERT INTO public.photos (id, url, spectacle_id)
VALUES (75, 'https://storage.yandexcloud.net/hv-bucket/photos/075.jpeg', 75);
INSERT INTO public.photos (id, url, spectacle_id)
VALUES (76, 'https://storage.yandexcloud.net/hv-bucket/photos/076.jpeg', 76);
INSERT INTO public.photos (id, url, spectacle_id)
VALUES (77, 'https://storage.yandexcloud.net/hv-bucket/photos/077.jpeg', 77);
INSERT INTO public.photos (id, url, spectacle_id)
VALUES (78, 'https://storage.yandexcloud.net/hv-bucket/photos/078.jpeg', 78);
INSERT INTO public.photos (id, url, spectacle_id)
VALUES (79, 'https://storage.yandexcloud.net/hv-bucket/photos/079.jpeg', 79);
INSERT INTO public.photos (id, url, spectacle_id)
VALUES (80, 'https://storage.yandexcloud.net/hv-bucket/photos/080.jpeg', 80);
INSERT INTO public.photos (id, url, spectacle_id)
VALUES (81, 'https://storage.yandexcloud.net/hv-bucket/photos/081.jpeg', 81);
INSERT INTO public.photos (id, url, spectacle_id)
VALUES (82, 'https://storage.yandexcloud.net/hv-bucket/photos/082.jpeg', 82);
INSERT INTO public.photos (id, url, spectacle_id)
VALUES (83, 'https://storage.yandexcloud.net/hv-bucket/photos/083.jpeg', 83);
INSERT INTO public.photos (id, url, spectacle_id)
VALUES (84, 'https://storage.yandexcloud.net/hv-bucket/photos/084.jpeg', 84);
INSERT INTO public.photos (id, url, spectacle_id)
VALUES (85, 'https://storage.yandexcloud.net/hv-bucket/photos/085.jpeg', 85);
INSERT INTO public.photos (id, url, spectacle_id)
VALUES (86, 'https://storage.yandexcloud.net/hv-bucket/photos/086.jpeg', 86);
INSERT INTO public.photos (id, url, spectacle_id)
VALUES (87, 'https://storage.yandexcloud.net/hv-bucket/photos/087.jpeg', 87);
INSERT INTO public.photos (id, url, spectacle_id)
VALUES (88, 'https://storage.yandexcloud.net/hv-bucket/photos/088.jpeg', 88);
INSERT INTO public.photos (id, url, spectacle_id)
VALUES (89, 'https://storage.yandexcloud.net/hv-bucket/photos/089.jpeg', 89);
INSERT INTO public.photos (id, url, spectacle_id)
VALUES (90, 'https://storage.yandexcloud.net/hv-bucket/photos/090.jpeg', 90);
INSERT INTO public.photos (id, url, spectacle_id)
VALUES (91, 'https://storage.yandexcloud.net/hv-bucket/photos/091.jpeg', 91);
INSERT INTO public.photos (id, url, spectacle_id)
VALUES (92, 'https://storage.yandexcloud.net/hv-bucket/photos/092.jpeg', 92);
INSERT INTO public.photos (id, url, spectacle_id)
VALUES (93, 'https://storage.yandexcloud.net/hv-bucket/photos/093.jpeg', 93);
INSERT INTO public.photos (id, url, spectacle_id)
VALUES (94, 'https://storage.yandexcloud.net/hv-bucket/photos/094.jpeg', 94);
INSERT INTO public.photos (id, url, spectacle_id)
VALUES (95, 'https://storage.yandexcloud.net/hv-bucket/photos/095.jpeg', 95);
INSERT INTO public.photos (id, url, spectacle_id)
VALUES (96, 'https://storage.yandexcloud.net/hv-bucket/photos/096.jpeg', 96);
INSERT INTO public.photos (id, url, spectacle_id)
VALUES (97, 'https://storage.yandexcloud.net/hv-bucket/photos/097.jpeg', 97);
INSERT INTO public.photos (id, url, spectacle_id)
VALUES (98, 'https://storage.yandexcloud.net/hv-bucket/photos/098.jpeg', 98);
INSERT INTO public.photos (id, url, spectacle_id)
VALUES (99, 'https://storage.yandexcloud.net/hv-bucket/photos/099.jpeg', 99);
INSERT INTO public.photos (id, url, spectacle_id)
VALUES (100, 'https://storage.yandexcloud.net/hv-bucket/photos/100.jpeg', 100);
INSERT INTO public.photos (id, url, spectacle_id)
VALUES (101, 'https://storage.yandexcloud.net/hv-bucket/photos/101.jpeg', 101);
INSERT INTO public.photos (id, url, spectacle_id)
VALUES (102, 'https://storage.yandexcloud.net/hv-bucket/photos/102.jpeg', 102);
INSERT INTO public.photos (id, url, spectacle_id)
VALUES (103, 'https://storage.yandexcloud.net/hv-bucket/photos/103.jpeg', 103);
INSERT INTO public.photos (id, url, spectacle_id)
VALUES (104, 'https://storage.yandexcloud.net/hv-bucket/photos/104.jpeg', 104);
INSERT INTO public.photos (id, url, spectacle_id)
VALUES (105, 'https://storage.yandexcloud.net/hv-bucket/photos/105.jpeg', 105);
INSERT INTO public.photos (id, url, spectacle_id)
VALUES (106, 'https://storage.yandexcloud.net/hv-bucket/photos/106.jpeg', 106);
INSERT INTO public.photos (id, url, spectacle_id)
VALUES (107, 'https://storage.yandexcloud.net/hv-bucket/photos/107.jpeg', 107);
INSERT INTO public.photos (id, url, spectacle_id)
VALUES (108, 'https://storage.yandexcloud.net/hv-bucket/photos/108.jpeg', 108);
INSERT INTO public.photos (id, url, spectacle_id)
VALUES (109, 'https://storage.yandexcloud.net/hv-bucket/photos/109.jpeg', 109);
INSERT INTO public.photos (id, url, spectacle_id)
VALUES (110, 'https://storage.yandexcloud.net/hv-bucket/photos/110.jpeg', 110);
INSERT INTO public.photos (id, url, spectacle_id)
VALUES (111, 'https://storage.yandexcloud.net/hv-bucket/photos/111.jpeg', 111);
INSERT INTO public.photos (id, url, spectacle_id)
VALUES (112, 'https://storage.yandexcloud.net/hv-bucket/photos/112.jpeg', 112);
INSERT INTO public.photos (id, url, spectacle_id)
VALUES (113, 'https://storage.yandexcloud.net/hv-bucket/photos/113.jpeg', 113);
INSERT INTO public.photos (id, url, spectacle_id)
VALUES (114, 'https://storage.yandexcloud.net/hv-bucket/photos/114.jpeg', 114);
INSERT INTO public.photos (id, url, spectacle_id)
VALUES (115, 'https://storage.yandexcloud.net/hv-bucket/photos/115.jpeg', 115);
INSERT INTO public.photos (id, url, spectacle_id)
VALUES (116, 'https://storage.yandexcloud.net/hv-bucket/photos/116.jpeg', 116);
